employee_id,region,valid_from,valid_to
E0121,中部,2023-04-01,
E0021,関東,2025-04-01,
E0088,関東,2024-04-01,
E0032,関東,2023-04-01,2025-03-31
E0069,東北,2025-04-01,2026-03-31
E0007,東北,2023-04-01,2025-03-31
E0122,東北,2025-04-01,
E0091,関東,2025-04-01,2026-03-31
E0089,関東,2019-04-01,2026-03-31
E0096,中部,2023-04-01,
E0038,関西,2025-04-01,
E0090,九州,2021-04-01,2026-09-30
E0067,関東,2023-04-01,
E0125,関東,2026-04-01,2025-03-31
E0089,関東,2026-04-01,
E0113,関東,2026-04-01,2026-09-30
E0107,九州,2024-04-01,2024-03-31
E0119,中部,2024-04-01,
E0028,九州,2024-04-01,2026-03-31
E0016,関東,2019-04-01,
E0121,関東,2019-04-01,
E0006,関西,2023-04-01,
E0098,関西,2021-04-01,2025-03-31
E0010,中部,2024-04-01,2026-09-30
E0082,中部,2026-10-01,
E0099,関西,2024-04-01,2026-09-30
