event_date,event_type,event_name,channel
2024-07-12,HOLIDAY,台風接近(関西),EC
2024-09-04,SALE,年末大売り出し,STORE
2026-11-23,HOLIDAY,秋分の日,ALL
2026-08-02,HOLIDAY,海の日,ALL
2024-01-08,CAMPAIGN,春分の日,EC
2025-05-31,SALE,元日,EC
2024-01-02,CAMPAIGN,勤労感謝の日,EC
2024-03-29,SALE,みどりの日,STORE
2025-01-07,HOLIDAY,閉店セール,ALL
2026-12-31,HOLIDAY,みどりの日,ALL
2024-03-03,HOLIDAY,文化の日,ALL
2024-05-09,SALE,春分の日,ALL
2025-02-14,HOLIDAY,送料規程の改定,ALL
2025-09-29,HOLIDAY,TVCM 放映,ALL
2025-04-07,SALE,大雪(東北),STORE
2024-04-18,HOLIDAY,成人の日,EC
2024-02-23,SALE,海の日,ALL
2024-10-14,HOLIDAY,こどもの日,EC
2026-05-31,INCIDENT,EC システム障害,ALL
2024-09-20,SALE,台風接近(関西),ALL
2024-06-21,HOLIDAY,秋の感謝祭,ALL
2026-09-28,HOLIDAY,みどりの日,ALL
2025-02-26,SALE,大雪(東北),ALL
2024-12-03,HOLIDAY,こどもの日,ALL
2026-04-23,SALE,TVCM 放映,STORE
2025-05-06,HOLIDAY,こどもの日,STORE
2024-08-14,HOLIDAY,敬老の日,ALL
2024-02-26,SALE,秋分の日,ALL
2024-05-22,HOLIDAY,文化の日,STORE
2026-01-19,HOLIDAY,送料規程の改定,ALL
2025-07-31,SALE,春分の日,ALL
2025-04-15,HOLIDAY,こどもの日,STORE
2024-10-12,HOLIDAY,建国記念の日,STORE
2025-03-20,SALE,敬老の日,ALL
2026-02-22,HOLIDAY,文化の日,STORE
2024-08-13,HOLIDAY,夏のボーナスセール,EC
2025-10-01,HOLIDAY,大雪(東北),STORE
2026-01-07,SALE,台風接近(九州),ALL
2024-10-04,SALE,TVCM 放映,ALL
2024-07-11,HOLIDAY,成人の日,ALL
2026-08-17,SALE,天皇誕生日,ALL
2026-08-16,SALE,敬老の日,EC
2026-01-22,HOLIDAY,憲法記念日,ALL
2025-02-28,HOLIDAY,EC システム障害,ALL
2025-11-06,SALE,憲法記念日,EC
2026-02-06,SALE,天皇誕生日,ALL
2024-05-25,SALE,建国記念の日,ALL
2024-06-12,SALE,建国記念の日,EC
2024-10-07,HOLIDAY,EC システム障害,ALL
2025-08-11,HOLIDAY,閉店セール,ALL
2024-11-01,SALE,新生活セール,ALL
2024-12-15,HOLIDAY,元日,ALL
2024-06-04,SALE,アプリリリース記念キャンペーン,STORE
2026-06-21,SALE,文化の日,ALL
2026-12-08,SALE,文化の日,EC
2025-02-18,HOLIDAY,敬老の日,EC
2025-11-11,HOLIDAY,秋分の日,STORE
2025-07-07,SALE,春分の日,ALL
2024-05-02,HOLIDAY,スポーツの日,STORE
2024-11-01,HOLIDAY,大雪(東北),ALL
2025-08-17,INCIDENT,アプリリリース記念キャンペーン,EC
2026-04-27,HOLIDAY,大雪(東北),EC
2024-03-15,SALE,年末大売り出し,ALL
2026-02-23,SALE,年末大売り出し,ALL
2024-09-02,HOLIDAY,秋の感謝祭,ALL
2025-01-09,SALE,春分の日,ALL
2026-07-19,HOLIDAY,新生活セール,ALL
2025-02-27,SALE,昭和の日,ALL
2025-10-14,HOLIDAY,山の日,ALL
2026-02-24,HOLIDAY,みどりの日,ALL
2025-03-14,INCIDENT,アプリリリース記念キャンペーン,ALL
2026-06-21,CAMPAIGN,敬老の日,STORE
2024-06-18,SALE,建国記念の日,ALL
2024-09-07,INCIDENT,新生活セール,EC
2024-08-27,HOLIDAY,送料規程の改定,ALL
2024-10-12,SALE,アプリリリース記念キャンペーン,ALL
2025-02-14,SALE,みどりの日,ALL
2025-05-13,HOLIDAY,秋分の日,ALL
2024-03-02,HOLIDAY,敬老の日,ALL
2025-09-07,HOLIDAY,海の日,EC
2024-04-23,HOLIDAY,スポーツの日,ALL
2024-02-12,HOLIDAY,大雪(東北),EC
2026-08-20,SALE,春分の日,ALL
2026-05-25,HOLIDAY,春分の日,ALL
2025-03-27,SALE,元日,ALL
2026-08-02,SALE,みどりの日,EC
2025-05-11,HOLIDAY,大雪(東北),STORE
2026-08-30,HOLIDAY,春分の日,STORE
2026-11-25,HOLIDAY,年末大売り出し,ALL
2025-11-06,HOLIDAY,閉店セール,ALL
2026-04-23,SALE,憲法記念日,EC
2025-03-05,HOLIDAY,EC システム障害,EC
2026-11-13,HOLIDAY,天皇誕生日,EC
2026-12-01,SALE,年末大売り出し,EC
2025-09-16,HOLIDAY,年末大売り出し,ALL
2026-05-27,SALE,アプリリリース記念キャンペーン,ALL
2026-01-06,SALE,年末大売り出し,ALL
2024-09-19,SALE,海の日,EC
2026-07-07,SALE,文化の日,EC
2024-01-25,HOLIDAY,夏のボーナスセール,STORE
2026-04-16,SALE,台風接近(九州),EC
2026-02-23,SALE,こどもの日,ALL
2026-07-09,SALE,秋の感謝祭,EC
2024-04-04,HOLIDAY,勤労感謝の日,ALL
2024-08-26,HOLIDAY,山の日,ALL
2025-03-02,SALE,台風接近(九州),ALL
2024-09-09,HOLIDAY,台風接近(九州),ALL
2025-03-13,SALE,TVCM 放映,ALL
2026-05-29,SALE,送料規程の改定,ALL
2025-03-20,SALE,昭和の日,EC
2025-05-31,HOLIDAY,憲法記念日,ALL
2025-01-08,SALE,アプリリリース記念キャンペーン,ALL
2025-08-10,HOLIDAY,送料規程の改定,ALL
2025-10-16,HOLIDAY,年末大売り出し,ALL
2024-04-11,HOLIDAY,送料規程の改定,ALL
2026-09-01,HOLIDAY,春分の日,ALL
2026-10-17,SALE,EC システム障害,EC
2026-12-04,HOLIDAY,憲法記念日,STORE
2026-09-25,HOLIDAY,海の日,EC
2025-03-01,SALE,天皇誕生日,STORE
2024-12-01,INCIDENT,元日,EC
2025-04-08,HOLIDAY,憲法記念日,ALL
2024-06-05,HOLIDAY,台風接近(九州),ALL
2024-05-12,INCIDENT,敬老の日,ALL
2024-07-02,SALE,元日,ALL
2024-04-24,SALE,台風接近(関西),STORE
2024-09-24,HOLIDAY,元日,ALL
2025-03-20,HOLIDAY,天皇誕生日,ALL
2024-12-25,HOLIDAY,海の日,EC
2026-12-12,HOLIDAY,海の日,ALL
2024-11-03,SALE,元日,ALL
2026-05-12,HOLIDAY,こどもの日,ALL
2026-03-18,INCIDENT,成人の日,ALL
2024-10-29,SALE,春分の日,STORE
2026-01-07,HOLIDAY,スポーツの日,ALL
2024-08-05,HOLIDAY,台風接近(九州),STORE
2024-07-27,SALE,スポーツの日,ALL
2024-07-29,HOLIDAY,憲法記念日,EC
2026-04-11,HOLIDAY,EC システム障害,STORE
2025-02-02,SALE,憲法記念日,ALL
2024-02-24,HOLIDAY,EC システム障害,ALL
2025-08-21,HOLIDAY,みどりの日,STORE
2025-09-14,HOLIDAY,こどもの日,EC
2024-12-26,SALE,勤労感謝の日,ALL
2026-05-24,HOLIDAY,台風接近(九州),EC
2026-08-11,SALE,新生活セール,ALL
2026-08-09,HOLIDAY,天皇誕生日,ALL
2025-11-19,SALE,夏のボーナスセール,STORE
2024-01-13,HOLIDAY,天皇誕生日,EC
2026-04-13,SALE,台風接近(関西),EC
