employee_id,last_name,first_name,full_name,email,department,title,hire_date,retire_date
E0001,池田,治,池田 治,e0001@example.jp,カスタマーサポート部,担当,2006-06-26,
E0002,太田,聡太郎,太田 聡太郎,e0002@example.jp,店舗運営部,担当,2003-02-09,
E0003,小林,亮介,小林 亮介,e0003@example.jp,情報システム部,リーダー,2024-09-09,
E0004,佐藤,稔,佐藤 稔,e0004@example.jp,店舗運営部,担当,1996-12-18,
E0005,加藤,桃子,加藤 桃子,e0005@example.jp,店舗運営部,リーダー,2012-01-16,
E0006,藤原,花子,藤原 花子,e0006@example.jp,マーケティング部,リーダー,2002-02-16,
E0007,岡本,千代,岡本 千代,e0007@example.jp,情報システム部,マネージャー,2006-11-10,2025-03-31
E0008,斎藤,拓真,斎藤 拓真,e0008@example.jp,EC事業部,担当,2023-05-06,
E0009,小林,充,小林 充,e0009@example.jp,経理部,マネージャー,2015-03-05,
E0010,中川,洋介,中川 洋介,e0010@example.jp,店舗運営部,リーダー,2020-03-02,
E0011,木村,桃子,木村 桃子,e0011@example.jp,EC事業部,担当,2017-05-03,
E0012,森,加奈,森 加奈,e0012@example.jp,カスタマーサポート部,マネージャー,2022-01-03,
E0013,佐藤,陽子,佐藤 陽子,e0013@example.jp,営業本部,担当,2011-04-14,2025-03-31
E0014,高橋,香織,高橋 香織,e0014@example.jp,営業本部,マネージャー,2014-11-11,
E0015,山本,翔太,山本 翔太,e0015@example.jp,マーケティング部,担当,2014-12-25,2025-09-30
E0016,森,結衣,森 結衣,e0016@example.jp,店舗運営部,マネージャー,2007-06-24,
E0017,清水,太一,清水 太一,e0017@example.jp,店舗運営部,担当,2012-06-01,
E0018,加藤,花子,加藤 花子,e0018@example.jp,店舗運営部,担当,2006-03-30,
E0019,伊藤,裕美子,伊藤 裕美子,e0019@example.jp,マーケティング部,担当,2022-11-03,
E0020,渡辺,加奈,渡辺 加奈,e0020@example.jp,カスタマーサポート部,マネージャー,2014-06-04,
E0021,長谷川,知実,長谷川 知実,e0021@example.jp,マーケティング部,部長,2021-06-14,2025-09-30
E0022,渡辺,充,渡辺 充,e0022@example.jp,カスタマーサポート部,リーダー,2008-11-26,
E0023,佐藤,桃子,佐藤 桃子,e0023@example.jp,店舗運営部,マネージャー,2008-08-26,
E0024,松本,治,松本 治,e0024@example.jp,店舗運営部,担当,2009-12-15,
E0025,中川,裕樹,中川 裕樹,e0025@example.jp,情報システム部,部長,2003-11-15,
E0026,中村,和也,中村 和也,e0026@example.jp,店舗運営部,担当,2023-01-17,
E0027,鈴木,裕美子,鈴木 裕美子,e0027@example.jp,EC事業部,担当,2006-07-25,
E0028,鈴木,結衣,鈴木 結衣,e0028@example.jp,マーケティング部,担当,2017-01-21,
E0029,森,稔,森 稔,e0029@example.jp,情報システム部,マネージャー,2004-04-22,2026-03-31
E0030,山口,浩,山口 浩,e0030@example.jp,経理部,リーダー,2019-12-26,
E0031,鈴木,和也,鈴木 和也,e0031@example.jp,マーケティング部,リーダー,2006-04-18,
E0032,中川,七夏,中川 七夏,e0032@example.jp,情報システム部,担当,2005-01-14,2024-12-31
E0033,田中,明美,田中 明美,e0033@example.jp,カスタマーサポート部,リーダー,2003-01-26,
E0034,木村,京助,木村 京助,e0034@example.jp,情報システム部,リーダー,2001-06-06,
E0035,小林,直人,小林 直人,e0035@example.jp,営業本部,担当,2008-04-24,
E0036,前田,あすか,前田 あすか,e0036@example.jp,カスタマーサポート部,マネージャー,2019-03-09,
E0037,高橋,幹,高橋 幹,e0037@example.jp,カスタマーサポート部,マネージャー,2011-03-25,
E0038,高橋,結衣,高橋 結衣,e0038@example.jp,店舗運営部,担当,2018-11-02,
E0039,佐藤,淳,佐藤 淳,e0039@example.jp,情報システム部,リーダー,1998-08-03,
E0040,小林,和也,小林 和也,e0040@example.jp,マーケティング部,担当,2002-03-16,2026-03-31
E0041,藤田,裕美子,藤田 裕美子,e0041@example.jp,情報システム部,マネージャー,2015-06-09,2026-03-31
E0042,渡辺,太一,渡辺 太一,e0042@example.jp,営業本部,リーダー,1996-07-05,
E0043,山崎,太一,山崎 太一,e0043@example.jp,カスタマーサポート部,マネージャー,2002-04-09,
E0044,阿部,晃,阿部 晃,e0044@example.jp,情報セキュリティ室,マネージャー,2012-06-24,
E0045,池田,直樹,池田 直樹,e0045@example.jp,カスタマーサポート部,担当,2006-05-08,
E0046,山口,聡太郎,山口 聡太郎,e0046@example.jp,経営企画部,担当,2012-12-30,2025-03-31
E0047,小林,淳,小林 淳,e0047@example.jp,カスタマーサポート部,担当,2024-07-31,
E0048,木村,亮介,木村 亮介,e0048@example.jp,EC事業部,担当,2016-10-23,
E0049,高橋,真綾,高橋 真綾,e0049@example.jp,営業本部,担当,1997-06-21,2025-03-31
E0050,小林,裕美子,小林 裕美子,e0050@example.jp,営業本部,リーダー,2025-03-06,
E0051,林,京助,林 京助,e0051@example.jp,店舗運営部,リーダー,1997-02-23,
E0052,井上,浩,井上 浩,e0052@example.jp,店舗運営部,リーダー,2012-09-03,
E0053,田中,太郎,田中 太郎,e0053@example.jp,店舗運営部,担当,2000-12-14,
E0054,山崎,学,山崎 学,e0054@example.jp,営業本部,担当,2014-09-03,
E0055,山本,花子,山本 花子,e0055@example.jp,情報システム部,担当,2016-02-17,2025-09-30
E0056,山口,康弘,山口 康弘,e0056@example.jp,カスタマーサポート部,リーダー,1996-06-10,
E0057,中島,亮介,中島 亮介,e0057@example.jp,店舗運営部,リーダー,2010-02-19,
E0058,鈴木,智也,鈴木 智也,e0058@example.jp,営業本部,担当,2014-09-10,2024-12-31
E0059,小川,裕美子,小川 裕美子,e0059@example.jp,店舗運営部,担当,2009-08-23,
E0060,渡辺,康弘,渡辺 康弘,e0060@example.jp,店舗運営部,マネージャー,1997-07-18,
E0061,小林,春香,小林 春香,e0061@example.jp,営業本部,マネージャー,2011-06-03,
E0062,松本,篤司,松本 篤司,e0062@example.jp,マーケティング部,リーダー,2011-10-12,
E0063,山口,里佳,山口 里佳,e0063@example.jp,店舗運営部,担当,2003-05-30,
E0064,佐藤,千代,佐藤 千代,e0064@example.jp,店舗運営部,担当,2009-08-31,
E0065,岡田,知実,岡田 知実,e0065@example.jp,店舗運営部,リーダー,2007-07-24,
E0066,山崎,幹,山崎 幹,e0066@example.jp,カスタマーサポート部,担当,2017-06-20,
E0067,佐藤,零,佐藤 零,e0067@example.jp,経営企画部,部長,2006-04-19,
E0068,佐藤,聡太郎,佐藤 聡太郎,e0068@example.jp,情報システム部,部長,2004-04-15,
E0069,橋本,篤司,橋本 篤司,e0069@example.jp,EC事業部,マネージャー,1998-11-12,2025-09-30
E0070,山口,加奈,山口 加奈,e0070@example.jp,店舗運営部,リーダー,2021-03-05,
E0071,中村,篤司,中村 篤司,e0071@example.jp,経営企画部,担当,2003-10-29,
E0072,鈴木,里佳,鈴木 里佳,e0072@example.jp,店舗運営部,マネージャー,2001-01-04,2025-03-31
E0073,藤原,充,藤原 充,e0073@example.jp,マーケティング部,リーダー,2019-05-30,
E0074,藤井,美加子,藤井 美加子,e0074@example.jp,経営企画部,担当,2025-12-27,
E0075,田中,陽子,田中 陽子,e0075@example.jp,営業本部,担当,2011-01-07,
E0076,太田,桃子,太田 桃子,e0076@example.jp,店舗運営部,部長,2014-10-25,
E0077,松田,美加子,松田 美加子,e0077@example.jp,EC事業部,担当,1997-09-13,
E0078,小林,結衣,小林 結衣,e0078@example.jp,営業本部,担当,2009-02-15,
E0079,近藤,洋介,近藤 洋介,e0079@example.jp,カスタマーサポート部,担当,2005-07-13,
E0080,井上,淳,井上 淳,e0080@example.jp,カスタマーサポート部,マネージャー,2011-05-16,
E0081,山口,和也,山口 和也,e0081@example.jp,カスタマーサポート部,リーダー,2022-04-04,
E0082,小林,明美,小林 明美,e0082@example.jp,営業本部,担当,2001-02-15,2026-03-31
E0083,佐々木,翔太,佐々木 翔太,e0083@example.jp,経営企画部,担当,2000-09-18,
E0084,田中,翼,田中 翼,e0084@example.jp,情報システム部,担当,2011-06-07,2024-12-31
E0085,中村,篤司,中村 篤司,e0085@example.jp,情報システム部,担当,2009-12-15,
E0086,佐藤,充,佐藤 充,e0086@example.jp,カスタマーサポート部,担当,2006-09-01,
E0087,山下,和也,山下 和也,e0087@example.jp,営業本部,リーダー,2001-11-17,
E0088,山下,聡太郎,山下 聡太郎,e0088@example.jp,営業本部,担当,2007-05-21,
E0089,田中,淳,田中 淳,e0089@example.jp,店舗運営部,担当,2022-10-14,2025-03-31
E0090,清水,篤司,清水 篤司,e0090@example.jp,経営企画部,担当,2005-10-27,
E0091,佐々木,洋介,佐々木 洋介,e0091@example.jp,カスタマーサポート部,担当,2006-05-01,
E0092,山田,あすか,山田 あすか,e0092@example.jp,カスタマーサポート部,担当,1999-09-07,
E0093,三浦,充,三浦 充,e0093@example.jp,マーケティング部,担当,2020-11-25,
E0094,前田,康弘,前田 康弘,e0094@example.jp,営業本部,リーダー,2005-05-18,
E0095,林,真綾,林 真綾,e0095@example.jp,店舗運営部,マネージャー,2002-08-01,2026-03-31
E0096,加藤,陽子,加藤 陽子,e0096@example.jp,営業本部,担当,2017-02-09,2025-03-31
E0097,山本,直樹,山本 直樹,e0097@example.jp,営業本部,担当,2015-07-21,
E0098,佐々木,修平,佐々木 修平,e0098@example.jp,店舗運営部,担当,2020-04-17,
E0099,小林,花子,小林 花子,e0099@example.jp,営業本部,マネージャー,2009-04-15,
E0100,小林,舞,小林 舞,e0100@example.jp,営業本部,担当,2014-02-28,
E0101,田中,浩,田中 浩,e0101@example.jp,カスタマーサポート部,マネージャー,2011-06-13,
E0102,山本,里佳,山本 里佳,e0102@example.jp,カスタマーサポート部,担当,2015-06-12,
E0103,福田,康弘,福田 康弘,e0103@example.jp,店舗運営部,担当,2020-01-18,
E0104,前田,智也,前田 智也,e0104@example.jp,カスタマーサポート部,担当,2021-06-27,
E0105,清水,春香,清水 春香,e0105@example.jp,店舗運営部,担当,2020-01-28,
E0106,橋本,直樹,橋本 直樹,e0106@example.jp,営業本部,担当,2018-12-04,
E0107,福田,聡太郎,福田 聡太郎,e0107@example.jp,店舗運営部,リーダー,2010-10-22,
E0108,加藤,あすか,加藤 あすか,e0108@example.jp,カスタマーサポート部,マネージャー,1999-11-16,
E0109,後藤,直人,後藤 直人,e0109@example.jp,カスタマーサポート部,担当,2000-12-05,
E0110,高橋,翔太,高橋 翔太,e0110@example.jp,情報セキュリティ室,マネージャー,2021-11-20,
E0111,鈴木,桃子,鈴木 桃子,e0111@example.jp,経理部,部長,2005-01-02,
E0112,木村,晃,木村 晃,e0112@example.jp,店舗運営部,担当,2016-07-20,
E0113,佐々木,拓真,佐々木 拓真,e0113@example.jp,カスタマーサポート部,担当,2015-07-20,
E0114,山田,拓真,山田 拓真,e0114@example.jp,店舗運営部,担当,2004-09-29,2026-03-31
E0115,佐藤,直人,佐藤 直人,e0115@example.jp,経営企画部,担当,2012-12-13,
E0116,林,浩,林 浩,e0116@example.jp,情報システム部,マネージャー,2010-05-12,
E0117,山下,智也,山下 智也,e0117@example.jp,カスタマーサポート部,マネージャー,2013-04-29,
E0118,加藤,英樹,加藤 英樹,e0118@example.jp,カスタマーサポート部,リーダー,2020-05-20,
E0119,斉藤,さゆり,斉藤 さゆり,e0119@example.jp,カスタマーサポート部,マネージャー,2003-08-06,
E0120,前田,健一,前田 健一,e0120@example.jp,EC事業部,担当,2013-03-03,
E0121,斉藤,稔,斉藤 稔,e0121@example.jp,営業本部,マネージャー,2014-06-24,
E0122,鈴木,直人,鈴木 直人,e0122@example.jp,カスタマーサポート部,リーダー,1998-06-29,
E0123,伊藤,修平,伊藤 修平,e0123@example.jp,情報システム部,マネージャー,2019-11-24,
E0124,斉藤,涼平,斉藤 涼平,e0124@example.jp,マーケティング部,担当,2007-08-11,
E0125,松田,翼,松田 翼,e0125@example.jp,経営企画部,担当,2000-01-04,
E0126,前田,七夏,前田 七夏,e0126@example.jp,店舗運営部,担当,2013-12-03,
E0127,斉藤,健一,斉藤 健一,e0127@example.jp,営業本部,リーダー,2009-07-23,
E0128,石川,千代,石川 千代,e0128@example.jp,店舗運営部,部長,2002-06-16,
E0129,山田,翼,山田 翼,e0129@example.jp,情報システム部,担当,2007-01-04,
E0130,中島,さゆり,中島 さゆり,e0130@example.jp,情報システム部,リーダー,2025-06-07,
E0131,阿部,あすか,阿部 あすか,e0131@example.jp,マーケティング部,リーダー,2006-04-27,
