product_id,category_l,category_m,product_name,tax_rate,list_price,cost_price,launch_date,discontinued_date,ec_only
P0001,キッチン,オーディオ,ドリップコーヒー SNOW ROAST 20袋,0.08,60100,48800,2022-07-05,,N
P0002,食品,キッチン家電,カラーボックス SNOW BOX 3段,0.1,13600,17750,2021-11-16,,N
P0003,インテリア,スマートデバイス,圧力鍋 SNOW COOK 3L,0.1,43300,37850,2023-06-06,,N
P0004,食品,食器,圧力鍋 SNOW COOK 3L,0.1,119700,21700,2025-11-03,,N
P0005,衣料,アウター,トイレットペーパー SNOW ROLL 12ロール,0.1,42100,12000,2024-01-16,,N
P0006,家電,トップス,ヒートインナー SNOW HEAT,0.1,86400,35050,2025-06-29,,N
P0007,日用品,スマートデバイス,洗濯洗剤 SNOW WASH 詰替,0.1,103100,60400,2026-05-29,,N
P0008,衣料,ボトムス,レトルトカレー SNOW CURRY 中辛,0.1,67000,14550,2021-01-11,,N
P0009,インテリア,季節家電,ダウンジャケット SNOW DOWN,0.1,100900,6700,2020-04-21,,N
P0010,日用品,照明,炊飯器 SNOW RICE 5.5合,0.1,66300,69700,2024-11-13,,N
P0011,家電,洗剤,電気ケトル SNOW KETTLE 1.0L,0.1,82000,12700,2022-07-03,,N
P0012,家電,レトルト食品,ワイヤレスヘッドホン SNOW BEATS,0.08,25100,21600,2022-08-04,,N
P0013,日用品,レトルト食品,マグカップ SNOW MUG,0.1,19300,65350,2022-05-18,,N
P0014,キッチン,紙製品,食器用洗剤 SNOW DISH,0.08,27600,30850,2026-10-01,,N
P0015,衣料,アウター,セラミックヒーター SNOW WARM,0.1,29500,12750,2020-09-14,,N
P0016,食品,インナー,ワイヤレスイヤホン SNOW BUDS,0.1,39500,950,2025-11-10,,N
P0017,食品,スマートデバイス,電気ケトル SNOW KETTLE 1.0L,0.08,800,12350,2021-01-02,,N
P0018,食品,インナー,トイレットペーパー SNOW ROLL 12ロール,0.1,58200,28800,2019-08-10,,N
P0019,インテリア,インナー,スマートスピーカー SNOW VOICE,0.1,17800,42900,2024-11-28,,N
P0020,家電,カーテン,洗濯洗剤 SNOW WASH 詰替,0.1,60500,22550,2023-01-18,,Y
P0021,キッチン,調理器具,サンダル SNOW SANDAL,0.1,33500,23550,2020-12-15,,Y
P0022,家電,レトルト食品,フリースジャケット SNOW FLEECE,0.08,86400,54900,2021-12-29,,N
P0023,食品,オーディオ,セラミックヒーター SNOW WARM,0.1,94200,48450,2021-02-18,,N
P0024,日用品,飲料,トイレットペーパー SNOW ROLL 12ロール,0.1,69600,68500,2021-04-20,,N
P0025,家電,オーラルケア,炊飯器 SNOW RICE 5.5合,0.1,33600,65600,2021-03-30,,N
P0026,衣料,生活家電,ハンドソープ SNOW SOAP,0.1,32100,66750,2024-04-28,,N
P0027,衣料,生活家電,折りたたみテーブル SNOW TABLE,0.1,80600,36800,2021-02-06,,N
P0028,食品,調理家電,サーキュレーター SNOW AIR,0.1,82200,22300,2022-10-19,,N
P0029,食品,オーディオ,セラミックヒーター SNOW WARM,0.1,55300,30350,2020-08-01,,N
P0030,家電,アウター,ラグマット SNOW RUG 3畳,0.1,48300,20400,2022-11-11,,N
P0031,インテリア,飲料,トイレットペーパー SNOW ROLL 12ロール,0.1,14700,16100,2024-03-22,,N
P0032,衣料,洗剤,折りたたみテーブル SNOW TABLE,0.1,69000,56600,2026-01-26,,N
P0033,キッチン,カーテン,LEDシーリングライト SNOW LIGHT 8畳,0.1,86000,53600,2025-12-28,,N
P0034,家電,オーラルケア,包丁 SNOW EDGE 三徳,0.1,53700,50200,2024-02-03,,N
P0035,衣料,カーテン,オーガニックコットンTシャツ SNOW TEE,0.1,7100,44150,2026-04-13,,N
P0036,インテリア,調理家電,セラミックヒーター SNOW WARM,0.1,106100,31150,2026-01-21,,N
P0037,食品,調味料,ラグマット SNOW RUG 3畳,0.1,76400,58300,2024-07-02,2026-01-01,N
P0038,衣料,飲料,レトルトカレー SNOW CURRY 中辛,0.08,34900,22400,2022-01-19,,N
P0039,キッチン,洗剤,LEDシーリングライト SNOW LIGHT 8畳,0.1,33000,18950,2023-10-13,,N
P0040,日用品,洗剤,羽毛布団 SNOW QUILT シングル,0.1,61100,19950,2021-09-27,,N
P0041,食品,キッチン家電,LEDシーリングライト SNOW LIGHT 8畳,0.08,92000,22650,2022-01-12,,Y
P0042,家電,調味料,ヒートインナー SNOW HEAT,0.1,27300,58450,2026-09-21,,N
P0043,日用品,ボトムス,ダウンジャケット SNOW DOWN,0.1,15500,36150,2021-02-28,,N
P0044,日用品,インナー,マグカップ SNOW MUG,0.1,25500,39800,2019-12-23,,N
P0045,食品,紙製品,包丁 SNOW EDGE 三徳,0.08,3100,46900,2025-07-23,,N
P0046,衣料,紙製品,遮光カーテン SNOW SHADE 2枚組,0.1,89300,19850,2025-05-07,,Y
P0047,家電,洗剤,オーブントースター SNOW TOAST,0.08,42800,14600,2022-08-23,,N
P0048,食品,菓子,扇風機 SNOW BREEZE,0.1,3000,58400,2020-11-16,,N
P0049,家電,調味料,ラグマット SNOW RUG 3畳,0.1,46200,8800,2024-01-31,,N
P0050,食品,寝具,折りたたみテーブル SNOW TABLE,0.1,88500,15200,2020-02-09,,N
P0051,キッチン,レトルト食品,サンダル SNOW SANDAL,0.1,90800,5950,2022-11-21,,N
P0052,家電,スマートデバイス,カラーボックス SNOW BOX 3段,0.1,72400,14750,2021-10-05,,N
P0053,日用品,飲料,テーパードパンツ SNOW SLIM,0.1,93100,25400,2025-03-22,,Y
P0054,インテリア,オーディオ,ワイヤレスヘッドホン SNOW BEATS,0.1,26600,750,2026-08-08,,Y
P0055,衣料,レトルト食品,サーキュレーター SNOW AIR,0.1,77000,36400,2025-01-21,,N
P0056,インテリア,キッチン家電,スマートスピーカー SNOW VOICE,0.1,105400,37250,2020-02-06,,N
P0057,キッチン,スマートデバイス,カラーボックス SNOW BOX 3段,0.1,105000,14400,2024-12-12,,Y
P0058,食品,インナー,フリースジャケット SNOW FLEECE,0.1,13000,50700,2019-11-26,,N
P0059,衣料,調理家電,マウンテンパーカ SNOW SHELL,0.1,68400,13800,2021-02-14,,N
P0060,インテリア,菓子,マグカップ SNOW MUG,0.1,92000,53300,2022-02-08,,Y
P0061,インテリア,保存容器,ワイヤレスヘッドホン SNOW BEATS,0.1,49800,24800,2024-09-16,,N
P0062,衣料,レトルト食品,遮光カーテン SNOW SHADE 2枚組,0.1,16600,3800,2025-12-30,,N
P0063,衣料,インナー,サンダル SNOW SANDAL,0.1,89100,8400,2023-06-27,,N
P0064,日用品,アウター,ボックスティッシュ SNOW TISSUE 5箱,0.1,95000,57700,2025-04-19,,N
P0065,キッチン,アウター,ワイヤレスヘッドホン SNOW BEATS,0.1,98500,26350,2023-04-05,,N
P0066,衣料,スマートデバイス,ボックスティッシュ SNOW TISSUE 5箱,0.1,14300,23750,2026-02-09,,N
P0067,キッチン,レトルト食品,オーガニックコットンTシャツ SNOW TEE,0.08,44000,3650,2024-03-22,,N
P0068,日用品,生活家電,スマートスピーカー SNOW VOICE,0.1,21500,46100,2021-09-02,,N
P0069,衣料,キッチン家電,食器用洗剤 SNOW DISH,0.1,49300,35750,2021-09-08,,Y
P0070,家電,インナー,テーパードパンツ SNOW SLIM,0.1,5300,11050,2020-03-29,,N
P0071,日用品,飲料,サンダル SNOW SANDAL,0.08,2400,60200,2022-01-22,,Y
P0072,食品,ボトムス,オーブントースター SNOW TOAST,0.1,74900,14850,2023-08-10,,Y
P0073,食品,収納家具,スマートスピーカー SNOW VOICE,0.1,70500,23650,2022-03-26,,N
P0074,日用品,調理器具,折りたたみテーブル SNOW TABLE,0.1,103700,64350,2024-09-12,,N
P0075,日用品,季節家電,ロボット掃除機 SNOW CLEAN R2,0.1,48200,68850,2020-09-10,,N
P0076,家電,保存容器,サーキュレーター SNOW AIR,0.08,59400,53550,2023-11-21,2025-07-01,N
P0077,家電,オーディオ,オーブントースター SNOW TOAST,0.1,45200,29300,2024-04-01,,N
P0078,家電,調味料,トイレットペーパー SNOW ROLL 12ロール,0.1,110000,33100,2019-07-09,,Y
P0079,衣料,調理器具,マグカップ SNOW MUG,0.1,22800,61450,2024-08-28,,N
P0080,日用品,インナー,ラグマット SNOW RUG 3畳,0.1,30600,26750,2020-10-12,,N
P0081,衣料,キッチン家電,ダウンジャケット SNOW DOWN,0.1,91400,25500,2023-06-21,,N
P0082,インテリア,カーテン,圧力鍋 SNOW COOK 3L,0.1,54800,68450,2026-08-07,,N
P0083,家電,インナー,扇風機 SNOW BREEZE,0.1,9600,40400,2026-10-16,,N
P0084,家電,調理家電,ロボット掃除機 SNOW CLEAN R2,0.1,13500,17150,2025-09-11,2025-07-01,N
P0085,食品,飲料,テーパードパンツ SNOW SLIM,0.1,65000,29950,2020-05-03,,N
P0086,衣料,アウター,ラグマット SNOW RUG 3畳,0.1,36100,18300,2026-08-02,,N
P0087,日用品,菓子,炊飯器 SNOW RICE 5.5合,0.1,59400,5000,2019-11-16,,N
P0088,家電,収納家具,LEDシーリングライト SNOW LIGHT 8畳,0.1,78800,55450,2021-04-27,,Y
P0089,家電,照明,フリースジャケット SNOW FLEECE,0.1,900,42100,2025-06-06,,N
P0090,キッチン,菓子,洗濯洗剤 SNOW WASH 詰替,0.1,47600,42300,2025-06-28,,N
P0091,インテリア,調理家電,圧力鍋 SNOW COOK 3L,0.1,18200,48500,2024-01-15,,N
P0092,衣料,洗剤,保存容器セット SNOW KEEP,0.1,84900,31350,2025-08-11,2025-01-01,Y
P0093,キッチン,調理家電,トイレットペーパー SNOW ROLL 12ロール,0.1,105400,69750,2023-11-13,,N
P0094,キッチン,洗剤,LEDシーリングライト SNOW LIGHT 8畳,0.1,74300,48200,2023-06-25,,N
P0095,衣料,生活家電,オーガニックコットンTシャツ SNOW TEE,0.1,18100,1100,2021-10-13,,N
P0096,キッチン,オーディオ,扇風機 SNOW BREEZE,0.1,86700,55000,2023-02-11,,Y
P0097,キッチン,飲料,ラグマット SNOW RUG 3畳,0.1,68400,55200,2023-09-11,,N
P0098,キッチン,インナー,サーキュレーター SNOW AIR,0.08,37300,38900,2023-03-07,,N
P0099,キッチン,寝具,テーパードパンツ SNOW SLIM,0.1,12700,24500,2024-06-04,,N
P0100,衣料,寝具,折りたたみテーブル SNOW TABLE,0.1,48700,10550,2025-12-09,,N
P0101,食品,調味料,炊飯器 SNOW RICE 5.5合,0.1,80500,54600,2024-04-09,,N
P0102,日用品,スマートデバイス,食器用洗剤 SNOW DISH,0.1,34800,51500,2021-06-20,,Y
P0103,日用品,オーラルケア,トイレットペーパー SNOW ROLL 12ロール,0.1,79100,13100,2024-02-11,,N
P0104,衣料,保存容器,包丁 SNOW EDGE 三徳,0.1,40800,69750,2020-05-02,,N
P0105,衣料,アウター,カラーボックス SNOW BOX 3段,0.1,109800,68850,2022-12-29,,N
P0106,家電,レトルト食品,遮光カーテン SNOW SHADE 2枚組,0.1,86700,13650,2021-10-10,2026-10-01,N
P0107,衣料,収納家具,カラーボックス SNOW BOX 3段,0.1,59600,44950,2024-01-03,,N
P0108,食品,ボトムス,ステンレスボトル SNOW BOTTLE 500ml,0.1,77800,66200,2024-09-18,,N
P0109,インテリア,紙製品,食器用洗剤 SNOW DISH,0.1,36900,13950,2019-12-19,,N
P0110,衣料,照明,ステンレスボトル SNOW BOTTLE 500ml,0.1,87800,55300,2023-06-07,,N
P0111,家電,収納家具,遮光カーテン SNOW SHADE 2枚組,0.1,41800,36450,2025-03-15,2025-01-01,N
P0112,日用品,トップス,サーキュレーター SNOW AIR,0.1,81700,8950,2022-01-09,,N
P0113,家電,調理器具,洗濯洗剤 SNOW WASH 詰替,0.1,104300,64700,2026-10-31,,N
P0114,衣料,洗剤,ラグマット SNOW RUG 3畳,0.1,57200,16700,2023-12-02,,Y
P0115,インテリア,季節家電,レトルトカレー SNOW CURRY 中辛,0.08,39300,2250,2026-03-15,,N
P0116,家電,紙製品,マグカップ SNOW MUG,0.08,103200,69350,2023-11-08,,N
P0117,衣料,キッチン家電,ミネラルウォーター SNOW WATER 2L×6,0.1,119300,13850,2021-07-23,,N
P0118,キッチン,寝具,フライパン SNOW PAN 26cm,0.08,104400,56650,2022-10-11,2026-07-01,N
P0119,家電,照明,ハンドソープ SNOW SOAP,0.08,17900,38300,2021-09-23,,N
P0120,日用品,菓子,テーパードパンツ SNOW SLIM,0.1,37100,63800,2022-02-16,,N
P0121,家電,スマートデバイス,だし醤油 SNOW SOY 500ml,0.1,16700,46700,2022-07-05,2026-10-01,N
P0122,キッチン,飲料,電気ケトル SNOW KETTLE 1.0L,0.1,27100,11900,2021-11-14,,Y
P0123,日用品,寝具,ラグマット SNOW RUG 3畳,0.08,89100,60850,2022-06-10,2026-07-01,N
P0124,衣料,季節家電,扇風機 SNOW BREEZE,0.1,60300,51200,2019-05-11,,N
P0125,キッチン,寝具,セラミックヒーター SNOW WARM,0.08,47300,3750,2019-05-03,,N
P0126,食品,保存容器,ロボット掃除機 SNOW CLEAN R2,0.08,84700,38200,2022-08-21,,N
P0127,食品,トップス,オーガニックコットンTシャツ SNOW TEE,0.08,39700,22900,2019-12-12,2026-07-01,N
P0128,インテリア,ボトムス,ハンドソープ SNOW SOAP,0.1,49800,16950,2021-06-10,2025-04-01,N
P0129,食品,菓子,スマートスピーカー SNOW VOICE,0.1,105900,52650,2025-12-20,,Y
P0130,家電,インナー,サンダル SNOW SANDAL,0.1,64400,11600,2019-07-01,,N
P0131,インテリア,季節家電,マグカップ SNOW MUG,0.1,34200,65350,2024-11-02,,N
P0132,食品,オーディオ,マウンテンパーカ SNOW SHELL,0.1,24400,56900,2021-06-28,,N
P0133,家電,アウター,ラグマット SNOW RUG 3畳,0.1,112800,53950,2025-05-12,,N
P0134,食品,オーディオ,ミックスナッツ SNOW NUTS 300g,0.1,89900,1500,2025-03-08,2026-04-01,N
P0135,インテリア,収納家具,テーパードパンツ SNOW SLIM,0.1,76000,67900,2023-06-02,,N
P0136,食品,紙製品,ミックスナッツ SNOW NUTS 300g,0.1,58700,37050,2022-05-17,,N
P0137,キッチン,洗剤,テーパードパンツ SNOW SLIM,0.1,56600,59900,2024-01-10,,N
P0138,キッチン,菓子,カラーボックス SNOW BOX 3段,0.1,27300,30250,2022-06-16,,N
P0139,日用品,照明,フライパン SNOW PAN 26cm,0.1,60600,36150,2020-07-25,,Y
P0140,衣料,照明,ドリップコーヒー SNOW ROAST 20袋,0.1,39100,52050,2026-04-23,,N
P0141,家電,レトルト食品,トイレットペーパー SNOW ROLL 12ロール,0.08,46200,2700,2019-06-04,,N
P0142,衣料,ボトムス,炊飯器 SNOW RICE 5.5合,0.1,78000,52250,2023-08-22,,N
P0143,家電,収納家具,カラーボックス SNOW BOX 3段,0.1,47500,40900,2025-11-18,2026-10-01,N
P0144,衣料,季節家電,炊飯器 SNOW RICE 5.5合,0.1,80100,15250,2019-10-20,,Y
P0145,日用品,ボトムス,電気ケトル SNOW KETTLE 1.0L,0.1,17200,41900,2026-10-31,,Y
P0146,衣料,調理器具,フリースジャケット SNOW FLEECE,0.1,110600,62000,2019-05-31,,N
P0147,衣料,アウター,フライパン SNOW PAN 26cm,0.1,36200,13800,2024-03-10,2026-04-01,N
P0148,衣料,トップス,フライパン SNOW PAN 26cm,0.1,102900,1600,2025-09-25,,N
P0149,食品,オーディオ,扇風機 SNOW BREEZE,0.1,4500,38000,2019-10-26,,N
P0150,日用品,飲料,フライパン SNOW PAN 26cm,0.1,9500,25700,2022-09-26,,N
P0151,家電,飲料,ダウンジャケット SNOW DOWN,0.1,93600,30050,2025-01-05,,N
P0152,家電,オーラルケア,ロボット掃除機 SNOW CLEAN R2,0.08,33000,9200,2021-07-11,,N
P0153,日用品,収納家具,扇風機 SNOW BREEZE,0.1,32700,26150,2020-11-09,,N
P0154,衣料,収納家具,だし醤油 SNOW SOY 500ml,0.08,26100,25700,2025-01-25,,Y
P0155,家電,飲料,折りたたみテーブル SNOW TABLE,0.1,3600,49750,2021-06-08,,N
P0156,食品,オーディオ,トイレットペーパー SNOW ROLL 12ロール,0.1,13200,47950,2026-07-23,2025-10-01,N
P0157,食品,カーテン,サーキュレーター SNOW AIR,0.1,59100,2850,2019-12-18,,N
P0158,食品,オーラルケア,圧力鍋 SNOW COOK 3L,0.1,5600,30450,2026-03-08,,N
P0159,キッチン,調味料,洗濯洗剤 SNOW WASH 詰替,0.1,22000,15000,2025-12-23,2026-04-01,Y
P0160,家電,調理家電,セラミックヒーター SNOW WARM,0.1,16700,1100,2023-01-28,,N
P0161,キッチン,収納家具,ボックスティッシュ SNOW TISSUE 5箱,0.1,13500,56300,2019-10-26,,N
P0162,家電,カーテン,テーパードパンツ SNOW SLIM,0.1,99300,51850,2023-08-24,,Y
P0163,日用品,季節家電,ワイヤレスヘッドホン SNOW BEATS,0.1,2500,44800,2020-08-05,,N
P0164,食品,収納家具,ヒートインナー SNOW HEAT,0.1,30200,47350,2019-11-14,,N
P0165,インテリア,ボトムス,扇風機 SNOW BREEZE,0.1,102400,13000,2022-01-10,,N
P0166,食品,飲料,保存容器セット SNOW KEEP,0.1,60900,54850,2019-08-16,,Y
P0167,衣料,生活家電,ワイヤレスイヤホン SNOW BUDS,0.1,47600,11350,2019-07-11,,N
P0168,キッチン,調味料,ヒートインナー SNOW HEAT,0.1,59600,15700,2026-01-29,2026-07-01,N
P0169,家電,調理器具,テーパードパンツ SNOW SLIM,0.1,79100,41000,2024-08-10,,N
P0170,食品,飲料,ダウンジャケット SNOW DOWN,0.1,103300,46050,2023-01-19,,N
P0171,衣料,食器,フライパン SNOW PAN 26cm,0.08,18800,2800,2019-11-29,,N
P0172,日用品,収納家具,ドリップコーヒー SNOW ROAST 20袋,0.1,60500,33000,2019-04-03,2025-04-01,N
P0173,衣料,スマートデバイス,炊飯器 SNOW RICE 5.5合,0.1,34600,24950,2025-05-31,,N
P0174,食品,ボトムス,フリースジャケット SNOW FLEECE,0.08,30800,3450,2020-03-31,,Y
P0175,食品,ボトムス,遮光カーテン SNOW SHADE 2枚組,0.1,15700,43400,2026-03-06,,N
P0176,家電,季節家電,炊飯器 SNOW RICE 5.5合,0.1,110200,67150,2025-10-04,,Y
P0177,衣料,菓子,ワイヤレスヘッドホン SNOW BEATS,0.1,6800,36200,2019-05-08,,N
P0178,衣料,保存容器,炊飯器 SNOW RICE 5.5合,0.1,58600,10750,2019-04-11,,N
P0179,キッチン,ボトムス,オーガニックコットンTシャツ SNOW TEE,0.1,41400,24650,2026-01-30,,Y
P0180,日用品,インナー,カラーボックス SNOW BOX 3段,0.1,109100,57100,2022-12-13,,N
P0181,家電,保存容器,ドリップコーヒー SNOW ROAST 20袋,0.1,75500,500,2025-01-12,,N
P0182,食品,スマートデバイス,ダウンジャケット SNOW DOWN,0.1,72500,23050,2024-07-15,,N
P0183,インテリア,オーラルケア,羽毛布団 SNOW QUILT シングル,0.08,72500,13500,2020-06-29,,Y
P0184,食品,スマートデバイス,ラグマット SNOW RUG 3畳,0.1,9900,5850,2022-11-29,,N
P0185,日用品,調味料,ボックスティッシュ SNOW TISSUE 5箱,0.1,60100,56900,2022-02-17,,N
P0186,インテリア,菓子,トイレットペーパー SNOW ROLL 12ロール,0.08,114000,29550,2020-06-04,,N
P0187,インテリア,生活家電,扇風機 SNOW BREEZE,0.1,28100,2800,2025-05-24,,N
P0188,食品,アウター,ハンドソープ SNOW SOAP,0.1,14400,62700,2025-09-27,2026-04-01,N
P0189,家電,ボトムス,歯ブラシ SNOW BRUSH 3本組,0.1,11900,39900,2022-11-26,,N
P0190,日用品,調味料,LEDシーリングライト SNOW LIGHT 8畳,0.1,10000,47300,2025-08-11,,Y
P0191,キッチン,収納家具,マウンテンパーカ SNOW SHELL,0.1,92500,60150,2019-12-12,,Y
P0192,日用品,インナー,炊飯器 SNOW RICE 5.5合,0.1,75500,24750,2022-11-30,2026-07-01,Y
P0193,衣料,カーテン,ダウンジャケット SNOW DOWN,0.1,115600,51550,2026-11-19,,N
P0194,キッチン,紙製品,オーブントースター SNOW TOAST,0.1,39500,69600,2021-02-18,,N
P0195,日用品,調味料,ミネラルウォーター SNOW WATER 2L×6,0.1,72000,11950,2021-04-04,,N
P0196,食品,キッチン家電,フライパン SNOW PAN 26cm,0.1,55200,15950,2022-12-01,,N
P0197,衣料,ボトムス,保存容器セット SNOW KEEP,0.1,53600,22750,2021-10-04,,Y
P0198,インテリア,アウター,フリースジャケット SNOW FLEECE,0.08,113000,27200,2021-03-14,,N
P0199,家電,紙製品,遮光カーテン SNOW SHADE 2枚組,0.1,79200,38300,2024-02-22,,N
P0200,インテリア,紙製品,包丁 SNOW EDGE 三徳,0.1,98700,22850,2023-06-08,,N
P0201,食品,キッチン家電,レトルトカレー SNOW CURRY 中辛,0.1,10400,58250,2019-08-24,,N
P0202,インテリア,洗剤,ダウンジャケット SNOW DOWN,0.1,500,37650,2025-06-29,,N
P0203,衣料,食器,サンダル SNOW SANDAL,0.1,86300,19200,2022-11-29,,Y
P0204,食品,ボトムス,包丁 SNOW EDGE 三徳,0.08,105900,36700,2024-06-14,,N
P0205,キッチン,菓子,食器用洗剤 SNOW DISH,0.1,63400,26950,2020-10-09,,N
P0206,食品,インナー,折りたたみテーブル SNOW TABLE,0.1,55100,12650,2021-11-19,,N
P0207,インテリア,アウター,サーキュレーター SNOW AIR,0.1,28500,37600,2025-07-03,,N
P0208,衣料,洗剤,食器用洗剤 SNOW DISH,0.1,84500,5150,2024-09-27,,N
P0209,キッチン,調理器具,歯ブラシ SNOW BRUSH 3本組,0.1,104500,40000,2025-03-23,,N
P0210,食品,調味料,サーキュレーター SNOW AIR,0.08,97200,59850,2026-04-08,,N
P0211,インテリア,カーテン,テーパードパンツ SNOW SLIM,0.1,3300,65400,2020-10-02,,Y
P0212,日用品,ボトムス,セラミックヒーター SNOW WARM,0.08,78900,54550,2023-09-18,,N
P0213,家電,ボトムス,ミネラルウォーター SNOW WATER 2L×6,0.08,68700,42650,2025-08-27,,N
P0214,食品,食器,遮光カーテン SNOW SHADE 2枚組,0.08,8600,37500,2025-08-30,,N
P0215,インテリア,照明,オーブントースター SNOW TOAST,0.1,51900,21100,2022-06-24,,Y
P0216,衣料,調理家電,ドリップコーヒー SNOW ROAST 20袋,0.1,85000,62000,2019-12-02,,N
P0217,衣料,寝具,フリースジャケット SNOW FLEECE,0.1,89700,14900,2023-01-08,,N
P0218,衣料,カーテン,トイレットペーパー SNOW ROLL 12ロール,0.1,7200,59100,2021-11-30,,Y
P0219,食品,収納家具,ミネラルウォーター SNOW WATER 2L×6,0.1,85400,62200,2024-12-27,,N
P0220,食品,調理器具,サンダル SNOW SANDAL,0.1,104800,42950,2023-10-02,,N
P0221,衣料,調理家電,LEDシーリングライト SNOW LIGHT 8畳,0.08,25600,21750,2024-04-05,,N
P0222,インテリア,生活家電,歯ブラシ SNOW BRUSH 3本組,0.1,101900,31150,2022-06-02,,N
P0223,衣料,調味料,マウンテンパーカ SNOW SHELL,0.08,93400,30750,2025-03-26,,N
P0224,キッチン,インナー,スマートスピーカー SNOW VOICE,0.1,22500,57500,2020-06-19,,N
P0225,日用品,紙製品,LEDシーリングライト SNOW LIGHT 8畳,0.1,6700,66550,2024-10-14,,N
P0226,家電,食器,ロボット掃除機 SNOW CLEAN R2,0.08,64600,38350,2019-10-05,,N
P0227,食品,洗剤,ハンドソープ SNOW SOAP,0.1,40000,9100,2021-06-15,,Y
P0228,食品,季節家電,ロボット掃除機 SNOW CLEAN R2,0.1,1800,30750,2019-04-15,,N
P0229,キッチン,菓子,包丁 SNOW EDGE 三徳,0.08,16500,27700,2020-03-26,,N
P0230,衣料,洗剤,テーパードパンツ SNOW SLIM,0.1,67000,1050,2025-04-15,,Y
P0231,衣料,調理家電,サンダル SNOW SANDAL,0.1,54600,43850,2023-09-09,,N
P0232,食品,オーラルケア,マグカップ SNOW MUG,0.1,106200,52900,2019-06-23,,N
P0233,食品,生活家電,歯ブラシ SNOW BRUSH 3本組,0.1,79400,45050,2022-02-09,,N
P0234,家電,収納家具,LEDシーリングライト SNOW LIGHT 8畳,0.1,49800,10700,2023-08-27,,N
P0235,食品,アウター,セラミックヒーター SNOW WARM,0.1,80000,15350,2020-03-08,,Y
P0236,キッチン,収納家具,ドリップコーヒー SNOW ROAST 20袋,0.1,70600,21300,2022-03-03,,N
P0237,キッチン,保存容器,ミックスナッツ SNOW NUTS 300g,0.1,83800,36200,2025-04-27,,N
P0238,食品,アウター,マウンテンパーカ SNOW SHELL,0.1,35600,13450,2022-04-29,,N
P0239,キッチン,ボトムス,フライパン SNOW PAN 26cm,0.08,109000,35650,2020-04-04,,N
P0240,家電,スマートデバイス,ミネラルウォーター SNOW WATER 2L×6,0.1,29500,58950,2019-04-29,,N
P0241,インテリア,収納家具,ステンレスボトル SNOW BOTTLE 500ml,0.1,25200,16600,2021-09-10,,N
P0242,キッチン,スマートデバイス,サーキュレーター SNOW AIR,0.1,35400,46400,2019-11-12,,N
P0243,家電,照明,テーパードパンツ SNOW SLIM,0.1,29400,59050,2019-07-17,,N
P0244,インテリア,紙製品,フライパン SNOW PAN 26cm,0.08,27100,57850,2022-08-04,,Y
P0245,家電,食器,保存容器セット SNOW KEEP,0.1,52700,63750,2026-06-09,2026-04-01,N
P0246,衣料,菓子,オーガニックコットンTシャツ SNOW TEE,0.08,12100,29250,2022-05-03,,N
P0247,衣料,洗剤,ヒートインナー SNOW HEAT,0.1,100900,25050,2024-03-03,2025-04-01,N
P0248,家電,トップス,スマートスピーカー SNOW VOICE,0.08,16300,41350,2022-05-10,,N
P0249,衣料,洗剤,サーキュレーター SNOW AIR,0.08,10800,11800,2021-04-08,,N
P0250,衣料,オーラルケア,スマートスピーカー SNOW VOICE,0.1,118500,42750,2023-10-12,,Y
P0251,キッチン,食器,フライパン SNOW PAN 26cm,0.1,99000,41950,2026-07-30,2026-04-01,N
P0252,衣料,インナー,ラグマット SNOW RUG 3畳,0.08,55200,43600,2020-01-15,,N
P0253,キッチン,季節家電,ミックスナッツ SNOW NUTS 300g,0.08,98900,67050,2023-06-19,2025-04-01,N
P0254,食品,収納家具,炊飯器 SNOW RICE 5.5合,0.1,12600,42450,2019-08-09,,N
P0255,キッチン,キッチン家電,圧力鍋 SNOW COOK 3L,0.1,26200,3400,2026-04-17,,N
P0256,日用品,洗剤,オーガニックコットンTシャツ SNOW TEE,0.1,74000,9300,2021-10-09,2026-04-01,N
P0257,衣料,調理家電,遮光カーテン SNOW SHADE 2枚組,0.1,66700,22600,2025-02-24,,N
P0258,衣料,オーディオ,ヒートインナー SNOW HEAT,0.1,87900,39650,2022-08-09,,Y
P0259,衣料,トップス,ヒートインナー SNOW HEAT,0.1,101300,24600,2025-04-30,,N
P0260,日用品,スマートデバイス,だし醤油 SNOW SOY 500ml,0.1,6500,60000,2025-11-26,,N
P0261,衣料,オーディオ,フリースジャケット SNOW FLEECE,0.1,21500,46450,2025-05-24,,N
P0262,食品,生活家電,包丁 SNOW EDGE 三徳,0.1,34600,42650,2024-04-12,,N
P0263,食品,菓子,レトルトカレー SNOW CURRY 中辛,0.1,42200,24100,2024-05-14,,N
P0264,家電,調味料,ミネラルウォーター SNOW WATER 2L×6,0.1,28200,8250,2020-12-02,,N
P0265,食品,寝具,だし醤油 SNOW SOY 500ml,0.1,13500,53600,2026-09-04,,N
P0266,家電,季節家電,扇風機 SNOW BREEZE,0.1,14200,8700,2024-05-18,,N
P0267,家電,スマートデバイス,遮光カーテン SNOW SHADE 2枚組,0.08,100600,34100,2025-09-06,,N
P0268,キッチン,食器,ラグマット SNOW RUG 3畳,0.08,14800,4250,2023-05-27,,N
P0269,日用品,調理器具,羽毛布団 SNOW QUILT シングル,0.1,75100,57650,2022-07-04,,N
P0270,キッチン,洗剤,ミネラルウォーター SNOW WATER 2L×6,0.1,100100,40400,2025-03-12,,N
P0271,衣料,生活家電,LEDシーリングライト SNOW LIGHT 8畳,0.08,115000,56300,2021-09-20,,N
P0272,キッチン,収納家具,フリースジャケット SNOW FLEECE,0.08,70700,51750,2020-12-29,,N
P0273,日用品,トップス,だし醤油 SNOW SOY 500ml,0.08,80800,28200,2025-08-24,,N
P0274,インテリア,レトルト食品,サンダル SNOW SANDAL,0.1,77000,10150,2026-08-01,,N
P0275,家電,洗剤,保存容器セット SNOW KEEP,0.08,53000,42100,2022-10-02,,N
P0276,家電,調味料,圧力鍋 SNOW COOK 3L,0.08,13800,38050,2020-02-16,,N
P0277,食品,オーラルケア,電気ケトル SNOW KETTLE 1.0L,0.1,83100,16950,2021-10-22,,N
P0278,インテリア,キッチン家電,保存容器セット SNOW KEEP,0.08,38600,62850,2023-02-01,,N
P0279,衣料,オーラルケア,炊飯器 SNOW RICE 5.5合,0.1,107100,16000,2024-06-25,,N
P0280,家電,レトルト食品,オーガニックコットンTシャツ SNOW TEE,0.1,102100,1650,2026-04-29,,N
P0281,キッチン,スマートデバイス,ヒートインナー SNOW HEAT,0.08,4200,300,2021-10-15,,N
P0282,日用品,カーテン,オーガニックコットンTシャツ SNOW TEE,0.1,82400,36500,2026-03-03,,N
P0283,インテリア,食器,食器用洗剤 SNOW DISH,0.1,70200,62200,2022-09-03,,N
P0284,キッチン,トップス,電気ケトル SNOW KETTLE 1.0L,0.1,7400,51300,2022-05-26,,N
P0285,インテリア,オーラルケア,折りたたみテーブル SNOW TABLE,0.1,19400,36600,2021-05-18,2025-10-01,N
P0286,家電,飲料,LEDシーリングライト SNOW LIGHT 8畳,0.1,2400,21400,2025-04-03,,N
P0287,食品,トップス,ラグマット SNOW RUG 3畳,0.1,85900,43000,2024-07-24,,N
P0288,家電,飲料,セラミックヒーター SNOW WARM,0.1,107300,48900,2025-10-31,,Y
P0289,家電,寝具,テーパードパンツ SNOW SLIM,0.1,43900,12300,2023-07-01,,N
P0290,日用品,生活家電,炊飯器 SNOW RICE 5.5合,0.1,101700,36600,2023-05-04,,N
P0291,衣料,ボトムス,サーキュレーター SNOW AIR,0.1,3300,18350,2019-04-04,2025-07-01,N
P0292,食品,季節家電,ボックスティッシュ SNOW TISSUE 5箱,0.1,101300,54750,2024-01-24,,N
P0293,衣料,トップス,電気ケトル SNOW KETTLE 1.0L,0.1,67100,10950,2019-04-03,,N
P0294,キッチン,生活家電,保存容器セット SNOW KEEP,0.1,107600,52850,2019-10-10,,N
P0295,食品,収納家具,圧力鍋 SNOW COOK 3L,0.1,27600,20150,2025-05-20,,N
P0296,家電,インナー,オーブントースター SNOW TOAST,0.08,17800,23500,2024-07-04,,N
P0297,日用品,カーテン,フライパン SNOW PAN 26cm,0.1,92200,62000,2019-07-24,,Y
P0298,衣料,飲料,ステンレスボトル SNOW BOTTLE 500ml,0.1,41000,6700,2021-03-02,,N
P0299,日用品,紙製品,保存容器セット SNOW KEEP,0.1,15400,54400,2024-06-16,2026-10-01,N
P0300,衣料,カーテン,マグカップ SNOW MUG,0.1,61400,6950,2025-04-12,,N
P0301,家電,菓子,炊飯器 SNOW RICE 5.5合,0.1,105900,40250,2021-01-07,,N
P0302,家電,飲料,ヒートインナー SNOW HEAT,0.1,47200,57550,2021-03-01,2026-01-01,N
P0303,日用品,保存容器,ワイヤレスヘッドホン SNOW BEATS,0.1,86900,11150,2020-07-25,,Y
P0304,インテリア,食器,ミネラルウォーター SNOW WATER 2L×6,0.1,75900,63850,2021-09-09,,N
P0305,家電,ボトムス,テーパードパンツ SNOW SLIM,0.1,105600,16000,2020-08-11,,N
P0306,家電,レトルト食品,包丁 SNOW EDGE 三徳,0.1,46800,60050,2021-01-29,,Y
P0307,家電,収納家具,保存容器セット SNOW KEEP,0.1,75600,50550,2022-02-16,,N
P0308,家電,菓子,食器用洗剤 SNOW DISH,0.1,20100,46550,2022-04-06,,N
P0309,食品,季節家電,スマートスピーカー SNOW VOICE,0.1,51000,34100,2023-06-15,,Y
P0310,食品,調味料,トイレットペーパー SNOW ROLL 12ロール,0.08,24000,66700,2025-08-06,,N
P0311,家電,アウター,セラミックヒーター SNOW WARM,0.1,71300,12900,2024-04-14,,Y
P0312,キッチン,食器,トイレットペーパー SNOW ROLL 12ロール,0.1,6400,58200,2024-11-25,,N
P0313,日用品,レトルト食品,ハンドソープ SNOW SOAP,0.1,102600,1900,2024-09-01,,Y
P0314,インテリア,照明,オーガニックコットンTシャツ SNOW TEE,0.08,119800,33850,2024-05-29,,N
P0315,家電,トップス,食器用洗剤 SNOW DISH,0.1,88000,5350,2020-04-27,2025-10-01,Y
P0316,日用品,食器,遮光カーテン SNOW SHADE 2枚組,0.1,58700,18700,2022-09-07,,N
P0317,衣料,食器,遮光カーテン SNOW SHADE 2枚組,0.1,107000,6450,2023-09-15,,N
P0318,衣料,キッチン家電,保存容器セット SNOW KEEP,0.1,88100,68400,2021-11-10,,Y
P0319,インテリア,調味料,マグカップ SNOW MUG,0.1,4600,10200,2025-03-05,,N
P0320,キッチン,キッチン家電,包丁 SNOW EDGE 三徳,0.1,7300,62050,2024-07-25,,N
P0321,衣料,調味料,オーガニックコットンTシャツ SNOW TEE,0.1,97400,65000,2023-01-31,,N
P0322,食品,紙製品,オーガニックコットンTシャツ SNOW TEE,0.1,42800,57650,2021-05-30,,Y
P0323,家電,ボトムス,LEDシーリングライト SNOW LIGHT 8畳,0.1,14800,65950,2020-05-22,,N
P0324,衣料,照明,ワイヤレスヘッドホン SNOW BEATS,0.1,116300,16000,2020-06-09,,N
P0325,キッチン,季節家電,スマートスピーカー SNOW VOICE,0.1,75400,38900,2021-05-25,,Y
P0326,キッチン,キッチン家電,ハンドソープ SNOW SOAP,0.08,101600,33500,2021-01-02,,Y
P0327,衣料,アウター,カラーボックス SNOW BOX 3段,0.1,66900,44800,2023-10-09,2026-07-01,N
P0328,日用品,レトルト食品,フライパン SNOW PAN 26cm,0.1,83100,55950,2023-05-24,2025-07-01,N
P0329,衣料,照明,オーブントースター SNOW TOAST,0.1,119800,25050,2020-02-17,,N
P0330,日用品,オーラルケア,ステンレスボトル SNOW BOTTLE 500ml,0.1,2700,68300,2021-04-22,,Y
P0331,衣料,洗剤,カラーボックス SNOW BOX 3段,0.08,68300,44750,2024-07-17,,N
P0332,衣料,トップス,食器用洗剤 SNOW DISH,0.1,45600,31300,2026-01-12,,N
P0333,日用品,キッチン家電,ロボット掃除機 SNOW CLEAN R2,0.1,73900,57300,2024-07-02,,N
P0334,食品,トップス,包丁 SNOW EDGE 三徳,0.1,44500,48150,2022-10-21,,N
P0335,日用品,インナー,電気ケトル SNOW KETTLE 1.0L,0.1,102100,67650,2021-05-26,,N
P0336,衣料,飲料,圧力鍋 SNOW COOK 3L,0.1,34500,57250,2025-03-23,,N
P0337,インテリア,調味料,ダウンジャケット SNOW DOWN,0.08,22200,24500,2026-04-20,,N
P0338,キッチン,生活家電,遮光カーテン SNOW SHADE 2枚組,0.1,81700,69100,2023-05-19,,Y
P0339,食品,キッチン家電,ハンドソープ SNOW SOAP,0.08,90900,41100,2022-02-21,,N
P0340,キッチン,調理器具,マウンテンパーカ SNOW SHELL,0.1,79900,14400,2024-12-29,,N
P0341,キッチン,スマートデバイス,セラミックヒーター SNOW WARM,0.08,20100,53800,2022-08-25,,N
P0342,衣料,調理家電,オーブントースター SNOW TOAST,0.08,62200,22350,2024-09-21,,N
P0343,衣料,照明,圧力鍋 SNOW COOK 3L,0.08,77600,55550,2024-11-30,2025-10-01,Y
P0344,衣料,寝具,テーパードパンツ SNOW SLIM,0.08,81300,28700,2019-12-29,,N
P0345,キッチン,トップス,ミックスナッツ SNOW NUTS 300g,0.1,30100,1850,2021-07-14,,Y
P0346,食品,保存容器,折りたたみテーブル SNOW TABLE,0.1,61500,68400,2023-11-13,,N
P0347,家電,オーラルケア,フライパン SNOW PAN 26cm,0.1,30300,450,2023-09-22,,N
P0348,キッチン,食器,ヒートインナー SNOW HEAT,0.1,27800,45050,2022-12-04,,N
P0349,衣料,洗剤,レトルトカレー SNOW CURRY 中辛,0.1,42900,58100,2019-11-10,,Y
P0350,キッチン,調味料,保存容器セット SNOW KEEP,0.1,53100,26650,2023-04-14,2025-01-01,N
P0351,日用品,洗剤,ダウンジャケット SNOW DOWN,0.1,23000,26800,2020-12-17,,N
P0352,衣料,保存容器,ステンレスボトル SNOW BOTTLE 500ml,0.1,14100,62850,2021-06-20,2025-01-01,N
P0353,衣料,キッチン家電,テーパードパンツ SNOW SLIM,0.08,1500,50300,2025-06-25,,N
P0354,食品,アウター,マグカップ SNOW MUG,0.1,32500,29800,2024-04-05,,N
P0355,家電,オーディオ,ドリップコーヒー SNOW ROAST 20袋,0.1,49000,17300,2021-07-12,,N
P0356,家電,菓子,セラミックヒーター SNOW WARM,0.1,16000,68700,2023-12-13,,N
P0357,家電,食器,サンダル SNOW SANDAL,0.1,26600,22000,2023-08-02,,N
P0358,食品,紙製品,レトルトカレー SNOW CURRY 中辛,0.1,73900,12500,2026-06-07,,N
P0359,食品,飲料,セラミックヒーター SNOW WARM,0.08,95300,50550,2026-09-06,,N
P0360,家電,保存容器,セラミックヒーター SNOW WARM,0.08,1800,12850,2025-06-16,,N
P0361,衣料,調理家電,炊飯器 SNOW RICE 5.5合,0.1,117900,56200,2023-10-12,,N
P0362,食品,季節家電,遮光カーテン SNOW SHADE 2枚組,0.1,70200,7450,2025-09-07,,N
P0363,家電,寝具,ハンドソープ SNOW SOAP,0.1,73900,33700,2024-09-28,,N
P0364,家電,ボトムス,圧力鍋 SNOW COOK 3L,0.1,50200,57600,2026-07-16,,N
P0365,家電,レトルト食品,マウンテンパーカ SNOW SHELL,0.08,84100,60300,2025-04-20,,N
P0366,衣料,生活家電,歯ブラシ SNOW BRUSH 3本組,0.08,73400,17500,2025-10-18,,N
P0367,家電,キッチン家電,ヒートインナー SNOW HEAT,0.08,93100,58800,2026-02-18,,N
P0368,衣料,飲料,テーパードパンツ SNOW SLIM,0.1,102900,29350,2025-04-16,,N
P0369,日用品,収納家具,スマートスピーカー SNOW VOICE,0.1,95800,47150,2023-12-22,,Y
P0370,インテリア,季節家電,歯ブラシ SNOW BRUSH 3本組,0.08,2700,14950,2021-08-08,,N
P0371,食品,保存容器,ヒートインナー SNOW HEAT,0.1,73300,16750,2022-04-19,2025-10-01,N
P0372,家電,保存容器,ミックスナッツ SNOW NUTS 300g,0.1,117500,45750,2026-03-28,,N
P0373,衣料,キッチン家電,圧力鍋 SNOW COOK 3L,0.1,104200,60250,2021-05-17,,N
P0374,食品,インナー,フライパン SNOW PAN 26cm,0.1,96900,37800,2020-02-02,,N
P0375,インテリア,洗剤,ヒートインナー SNOW HEAT,0.08,76100,33000,2022-02-09,,Y
P0376,キッチン,寝具,フライパン SNOW PAN 26cm,0.1,118800,66950,2020-08-19,,N
P0377,家電,飲料,ラグマット SNOW RUG 3畳,0.1,111600,34050,2021-11-22,,N
P0378,食品,食器,歯ブラシ SNOW BRUSH 3本組,0.1,45300,16000,2023-01-05,,N
P0379,食品,洗剤,カラーボックス SNOW BOX 3段,0.1,83000,33100,2021-09-12,,N
P0380,衣料,菓子,ドリップコーヒー SNOW ROAST 20袋,0.1,23300,63450,2021-03-28,2025-07-01,N
P0381,衣料,調味料,フリースジャケット SNOW FLEECE,0.1,64900,50700,2022-05-25,,N
P0382,食品,保存容器,保存容器セット SNOW KEEP,0.1,64000,32250,2022-06-21,,N
P0383,インテリア,調理器具,保存容器セット SNOW KEEP,0.1,71900,34500,2021-01-18,,Y
P0384,食品,照明,ハンドソープ SNOW SOAP,0.1,6500,32500,2025-05-15,,Y
P0385,家電,カーテン,スマートスピーカー SNOW VOICE,0.1,46500,26950,2021-05-31,,N
P0386,日用品,調理器具,羽毛布団 SNOW QUILT シングル,0.08,61800,21250,2021-02-01,,Y
P0387,衣料,調理器具,扇風機 SNOW BREEZE,0.1,17500,49600,2026-01-12,,N
P0388,食品,カーテン,カラーボックス SNOW BOX 3段,0.08,44800,50450,2020-09-10,,Y
P0389,食品,スマートデバイス,マウンテンパーカ SNOW SHELL,0.08,29700,33850,2023-10-13,,N
P0390,食品,寝具,ワイヤレスヘッドホン SNOW BEATS,0.1,31100,63750,2019-08-05,,N
P0391,日用品,調理器具,フライパン SNOW PAN 26cm,0.1,33900,62300,2023-01-05,,N
P0392,衣料,カーテン,炊飯器 SNOW RICE 5.5合,0.1,61300,46750,2024-11-15,,Y
P0393,家電,調理器具,ステンレスボトル SNOW BOTTLE 500ml,0.1,86500,19350,2022-06-17,,N
P0394,家電,オーラルケア,ロボット掃除機 SNOW CLEAN R2,0.1,35500,28650,2025-12-30,,N
P0395,衣料,収納家具,ワイヤレスヘッドホン SNOW BEATS,0.1,116500,41100,2025-01-24,,N
P0396,キッチン,飲料,フライパン SNOW PAN 26cm,0.1,79000,56250,2020-06-27,,N
P0397,衣料,調理家電,ワイヤレスヘッドホン SNOW BEATS,0.08,105900,59200,2025-07-11,,Y
P0398,インテリア,ボトムス,ワイヤレスイヤホン SNOW BUDS,0.1,72800,55050,2022-12-24,,N
P0399,キッチン,キッチン家電,ステンレスボトル SNOW BOTTLE 500ml,0.1,111100,67050,2023-09-30,,N
P0400,キッチン,スマートデバイス,ロボット掃除機 SNOW CLEAN R2,0.1,39800,65250,2024-04-11,2026-01-01,N
P0401,家電,スマートデバイス,スマートスピーカー SNOW VOICE,0.1,118400,46150,2021-06-09,,N
P0402,衣料,菓子,サンダル SNOW SANDAL,0.1,109000,26650,2026-05-27,,N
P0403,家電,アウター,スマートスピーカー SNOW VOICE,0.1,107600,7250,2022-05-31,,N
P0404,キッチン,レトルト食品,保存容器セット SNOW KEEP,0.1,39300,42950,2026-09-30,,Y
P0405,食品,インナー,包丁 SNOW EDGE 三徳,0.1,97400,22300,2024-02-17,,N
P0406,キッチン,保存容器,フリースジャケット SNOW FLEECE,0.08,60500,6700,2022-10-23,,N
P0407,日用品,飲料,セラミックヒーター SNOW WARM,0.1,104300,24400,2025-01-13,,N
P0408,食品,照明,食器用洗剤 SNOW DISH,0.1,83700,39800,2025-09-28,2025-01-01,N
P0409,食品,ボトムス,歯ブラシ SNOW BRUSH 3本組,0.1,42400,59000,2024-05-06,,N
P0410,日用品,スマートデバイス,ワイヤレスイヤホン SNOW BUDS,0.1,96900,43700,2020-07-31,,N
P0411,日用品,調理家電,サンダル SNOW SANDAL,0.08,51600,38000,2025-01-22,,N
P0412,インテリア,レトルト食品,扇風機 SNOW BREEZE,0.1,53700,50650,2020-02-15,,N
P0413,衣料,キッチン家電,フリースジャケット SNOW FLEECE,0.08,15400,24950,2024-12-31,,N
P0414,衣料,調味料,トイレットペーパー SNOW ROLL 12ロール,0.1,24200,10250,2023-02-17,,Y
P0415,インテリア,照明,歯ブラシ SNOW BRUSH 3本組,0.1,81300,56850,2020-07-08,,Y
P0416,インテリア,生活家電,オーブントースター SNOW TOAST,0.1,109500,63050,2024-08-01,2025-01-01,N
P0417,日用品,調理器具,サンダル SNOW SANDAL,0.1,110000,21250,2023-03-30,,Y
P0418,日用品,収納家具,ステンレスボトル SNOW BOTTLE 500ml,0.1,69300,59950,2026-02-21,,N
P0419,衣料,調理器具,扇風機 SNOW BREEZE,0.1,10300,30950,2022-12-19,,N
P0420,食品,アウター,包丁 SNOW EDGE 三徳,0.1,65100,20400,2021-01-29,,Y
P0421,家電,食器,カラーボックス SNOW BOX 3段,0.1,64200,62950,2019-10-09,,Y
P0422,家電,スマートデバイス,レトルトカレー SNOW CURRY 中辛,0.1,100900,56850,2020-05-05,,N
P0423,キッチン,寝具,炊飯器 SNOW RICE 5.5合,0.1,109200,37350,2025-07-28,,N
P0424,食品,収納家具,マウンテンパーカ SNOW SHELL,0.08,20900,22600,2021-01-04,,N
P0425,衣料,ボトムス,羽毛布団 SNOW QUILT シングル,0.1,11500,47050,2019-11-04,,Y
P0426,食品,カーテン,炊飯器 SNOW RICE 5.5合,0.08,27400,40100,2021-05-04,,N
P0427,食品,生活家電,ワイヤレスイヤホン SNOW BUDS,0.1,25200,29850,2026-06-11,,N
P0428,食品,トップス,ワイヤレスイヤホン SNOW BUDS,0.1,2700,44550,2024-05-17,,N
P0429,食品,キッチン家電,歯ブラシ SNOW BRUSH 3本組,0.1,72200,49900,2021-06-14,,N
P0430,食品,調理器具,ダウンジャケット SNOW DOWN,0.08,101600,59600,2025-03-09,,N
P0431,インテリア,洗剤,折りたたみテーブル SNOW TABLE,0.1,40000,12750,2021-07-12,,Y
P0432,食品,キッチン家電,カラーボックス SNOW BOX 3段,0.1,80700,2550,2021-02-25,,N
P0433,食品,カーテン,ワイヤレスヘッドホン SNOW BEATS,0.1,40000,52250,2021-06-07,,N
P0434,日用品,レトルト食品,カラーボックス SNOW BOX 3段,0.1,43500,36650,2020-07-18,,N
P0435,インテリア,レトルト食品,ロボット掃除機 SNOW CLEAN R2,0.1,86400,30800,2023-02-06,,Y
P0436,インテリア,トップス,フライパン SNOW PAN 26cm,0.1,37500,30600,2025-05-15,,Y
P0437,衣料,菓子,フリースジャケット SNOW FLEECE,0.1,85000,31450,2024-09-14,,N
P0438,食品,調理家電,ヒートインナー SNOW HEAT,0.1,55500,60150,2025-02-27,,N
P0439,日用品,菓子,マウンテンパーカ SNOW SHELL,0.08,94400,26350,2026-02-07,,N
P0440,家電,キッチン家電,ドリップコーヒー SNOW ROAST 20袋,0.1,23500,38250,2022-02-03,,N
P0441,インテリア,洗剤,電気ケトル SNOW KETTLE 1.0L,0.1,73900,8250,2022-11-03,,N
P0442,家電,飲料,歯ブラシ SNOW BRUSH 3本組,0.1,91400,32300,2024-07-23,,Y
P0443,家電,オーディオ,サンダル SNOW SANDAL,0.08,49800,51850,2026-07-06,,Y
P0444,衣料,紙製品,サーキュレーター SNOW AIR,0.08,10800,11900,2022-08-31,,Y
P0445,食品,生活家電,ヒートインナー SNOW HEAT,0.1,29800,60200,2024-07-08,,N
P0446,キッチン,レトルト食品,ボックスティッシュ SNOW TISSUE 5箱,0.1,17600,20000,2024-01-26,,Y
P0447,キッチン,保存容器,トイレットペーパー SNOW ROLL 12ロール,0.1,49800,51550,2019-08-04,,N
P0448,食品,レトルト食品,スマートスピーカー SNOW VOICE,0.1,33300,48350,2020-02-02,,N
P0449,食品,飲料,食器用洗剤 SNOW DISH,0.08,17800,12550,2023-11-17,,N
P0450,食品,レトルト食品,包丁 SNOW EDGE 三徳,0.1,102200,42050,2024-08-13,,N
P0451,家電,菓子,ミックスナッツ SNOW NUTS 300g,0.1,90700,62000,2026-07-25,,N
P0452,家電,アウター,ドリップコーヒー SNOW ROAST 20袋,0.1,83200,69800,2024-10-16,,N
P0453,キッチン,保存容器,ステンレスボトル SNOW BOTTLE 500ml,0.08,64200,20100,2023-05-25,,Y
P0454,衣料,オーディオ,ボックスティッシュ SNOW TISSUE 5箱,0.1,111700,31300,2026-10-29,2025-04-01,Y
P0455,衣料,アウター,ヒートインナー SNOW HEAT,0.08,106200,52300,2022-05-25,,Y
P0456,キッチン,紙製品,スマートスピーカー SNOW VOICE,0.1,84100,54600,2023-01-07,,N
P0457,日用品,オーディオ,だし醤油 SNOW SOY 500ml,0.1,14800,43650,2025-07-11,,N
P0458,食品,調理家電,ダウンジャケット SNOW DOWN,0.08,17500,25700,2020-11-14,,N
P0459,日用品,食器,マウンテンパーカ SNOW SHELL,0.08,67900,59150,2020-09-16,,N
P0460,キッチン,生活家電,食器用洗剤 SNOW DISH,0.08,99700,11600,2025-08-23,,N
P0461,食品,寝具,トイレットペーパー SNOW ROLL 12ロール,0.1,119300,54150,2022-01-09,,N
P0462,日用品,調理器具,ボックスティッシュ SNOW TISSUE 5箱,0.1,7700,18200,2022-08-26,,N
P0463,衣料,調理器具,ステンレスボトル SNOW BOTTLE 500ml,0.08,6500,42000,2022-10-01,,N
P0464,食品,生活家電,ドリップコーヒー SNOW ROAST 20袋,0.1,43500,28350,2020-07-06,,N
P0465,食品,寝具,ラグマット SNOW RUG 3畳,0.1,56200,69350,2020-07-24,,N
P0466,インテリア,照明,サーキュレーター SNOW AIR,0.1,70900,60900,2020-01-30,,N
P0467,キッチン,飲料,LEDシーリングライト SNOW LIGHT 8畳,0.1,40300,15950,2024-07-26,,N
P0468,キッチン,インナー,歯ブラシ SNOW BRUSH 3本組,0.1,54300,9450,2022-08-14,2026-10-01,N
P0469,家電,ボトムス,洗濯洗剤 SNOW WASH 詰替,0.1,33900,61850,2026-03-28,,N
P0470,家電,キッチン家電,折りたたみテーブル SNOW TABLE,0.1,90600,55300,2022-11-19,,Y
P0471,衣料,アウター,歯ブラシ SNOW BRUSH 3本組,0.08,76300,53450,2022-10-02,,N
P0472,インテリア,トップス,マグカップ SNOW MUG,0.1,6100,64100,2019-10-09,,N
P0473,家電,紙製品,ドリップコーヒー SNOW ROAST 20袋,0.1,64100,5250,2022-09-19,,N
P0474,家電,照明,オーブントースター SNOW TOAST,0.1,59300,19600,2026-03-19,,N
P0475,家電,アウター,マウンテンパーカ SNOW SHELL,0.1,10300,48050,2022-04-23,,N
P0476,日用品,保存容器,炊飯器 SNOW RICE 5.5合,0.1,95900,47350,2022-10-27,,N
P0477,キッチン,調味料,ミネラルウォーター SNOW WATER 2L×6,0.1,44500,48800,2024-04-18,,N
P0478,衣料,寝具,ワイヤレスイヤホン SNOW BUDS,0.1,64100,2050,2024-01-15,,N
P0479,食品,収納家具,オーガニックコットンTシャツ SNOW TEE,0.1,97300,19200,2026-01-18,,N
P0480,キッチン,レトルト食品,ミネラルウォーター SNOW WATER 2L×6,0.1,117800,31400,2026-04-04,,Y
P0481,日用品,トップス,洗濯洗剤 SNOW WASH 詰替,0.1,23300,33750,2021-11-22,,N
P0482,家電,菓子,サンダル SNOW SANDAL,0.08,92700,61400,2024-06-10,,N
P0483,日用品,照明,だし醤油 SNOW SOY 500ml,0.1,114900,63900,2024-11-23,,Y
P0484,日用品,キッチン家電,マグカップ SNOW MUG,0.1,52800,24000,2026-03-03,,N
P0485,キッチン,収納家具,マグカップ SNOW MUG,0.1,112100,43550,2025-07-12,,N
P0486,インテリア,洗剤,ワイヤレスヘッドホン SNOW BEATS,0.08,112900,62650,2025-02-17,,N
P0487,キッチン,調理器具,ドリップコーヒー SNOW ROAST 20袋,0.1,75100,25100,2020-03-14,,N
P0488,衣料,レトルト食品,オーブントースター SNOW TOAST,0.1,52900,39800,2021-05-30,,N
P0489,日用品,保存容器,ステンレスボトル SNOW BOTTLE 500ml,0.1,92000,25700,2020-06-30,,N
P0490,食品,保存容器,スマートスピーカー SNOW VOICE,0.08,119800,49000,2025-03-22,,Y
P0491,キッチン,カーテン,マグカップ SNOW MUG,0.1,66800,22600,2024-10-23,,N
P0492,日用品,保存容器,ミネラルウォーター SNOW WATER 2L×6,0.1,118700,20600,2020-02-08,,N
P0493,家電,インナー,だし醤油 SNOW SOY 500ml,0.08,75600,36150,2023-03-15,2025-04-01,N
P0494,インテリア,カーテン,カラーボックス SNOW BOX 3段,0.1,40500,59750,2024-12-16,,N
P0495,日用品,寝具,テーパードパンツ SNOW SLIM,0.1,13700,700,2020-03-10,,N
P0496,インテリア,インナー,ミネラルウォーター SNOW WATER 2L×6,0.1,118200,33800,2020-07-01,,N
P0497,衣料,調味料,セラミックヒーター SNOW WARM,0.1,3600,7550,2023-01-26,,Y
P0498,インテリア,食器,食器用洗剤 SNOW DISH,0.1,82900,3900,2023-11-20,,N
P0499,日用品,収納家具,トイレットペーパー SNOW ROLL 12ロール,0.1,62400,21850,2022-08-09,,Y
P0500,インテリア,調理器具,トイレットペーパー SNOW ROLL 12ロール,0.08,50400,55100,2019-12-02,,N
P0501,日用品,カーテン,食器用洗剤 SNOW DISH,0.1,86700,24450,2026-07-26,,N
P0502,家電,スマートデバイス,洗濯洗剤 SNOW WASH 詰替,0.1,10800,5550,2020-03-14,,Y
P0503,家電,カーテン,オーブントースター SNOW TOAST,0.1,33600,29500,2022-01-27,2025-01-01,N
P0504,衣料,オーラルケア,ラグマット SNOW RUG 3畳,0.08,90400,32700,2026-03-27,,Y
P0505,インテリア,トップス,食器用洗剤 SNOW DISH,0.1,116100,24600,2022-05-31,,N
P0506,家電,寝具,ハンドソープ SNOW SOAP,0.1,103100,2450,2025-07-09,,Y
P0507,食品,調理器具,ワイヤレスヘッドホン SNOW BEATS,0.1,1100,32500,2024-10-10,2025-04-01,N
P0508,衣料,食器,扇風機 SNOW BREEZE,0.1,9400,63350,2023-12-24,,N
P0509,衣料,インナー,ヒートインナー SNOW HEAT,0.1,88100,39600,2021-03-20,,Y
P0510,インテリア,寝具,ヒートインナー SNOW HEAT,0.08,80600,41550,2022-08-01,,N
P0511,食品,菓子,レトルトカレー SNOW CURRY 中辛,0.1,48700,55200,2025-02-19,,N
P0512,家電,収納家具,ボックスティッシュ SNOW TISSUE 5箱,0.1,82000,11000,2024-06-11,,N
P0513,日用品,寝具,だし醤油 SNOW SOY 500ml,0.1,77500,6600,2020-07-08,,Y
P0514,キッチン,食器,折りたたみテーブル SNOW TABLE,0.1,58000,68300,2025-01-07,,N
P0515,家電,ボトムス,羽毛布団 SNOW QUILT シングル,0.08,18300,57550,2024-05-03,,N
P0516,食品,インナー,オーブントースター SNOW TOAST,0.1,76600,45600,2020-03-14,,Y
P0517,キッチン,収納家具,スマートスピーカー SNOW VOICE,0.08,35400,58250,2021-06-25,,N
P0518,インテリア,洗剤,サーキュレーター SNOW AIR,0.1,95300,13600,2023-10-04,,N
P0519,家電,寝具,食器用洗剤 SNOW DISH,0.1,77600,50800,2022-08-04,,N
P0520,キッチン,飲料,ステンレスボトル SNOW BOTTLE 500ml,0.1,1300,35700,2021-04-23,,N
P0521,キッチン,収納家具,包丁 SNOW EDGE 三徳,0.1,26500,35250,2023-02-27,,N
P0522,キッチン,紙製品,ラグマット SNOW RUG 3畳,0.1,77300,34350,2024-10-19,,N
P0523,インテリア,洗剤,サンダル SNOW SANDAL,0.08,16300,36050,2021-08-24,,Y
P0524,食品,調理家電,ミネラルウォーター SNOW WATER 2L×6,0.1,110200,63350,2023-10-19,,N
P0525,衣料,レトルト食品,圧力鍋 SNOW COOK 3L,0.08,118900,6800,2020-11-02,,N
P0526,衣料,調理家電,ワイヤレスヘッドホン SNOW BEATS,0.1,80500,9350,2026-02-06,,N
P0527,インテリア,寝具,フライパン SNOW PAN 26cm,0.1,43100,25200,2021-12-30,,N
P0528,キッチン,カーテン,オーブントースター SNOW TOAST,0.08,100100,39000,2025-04-18,,N
P0529,家電,季節家電,オーブントースター SNOW TOAST,0.1,98300,45100,2020-10-29,,N
P0530,インテリア,生活家電,ラグマット SNOW RUG 3畳,0.1,26400,33150,2025-12-22,,N
P0531,家電,スマートデバイス,カラーボックス SNOW BOX 3段,0.08,78900,44900,2024-03-31,,N
P0532,日用品,調理家電,洗濯洗剤 SNOW WASH 詰替,0.08,56600,55450,2024-08-24,,Y
P0533,食品,キッチン家電,テーパードパンツ SNOW SLIM,0.1,72000,38100,2024-02-02,,Y
P0534,衣料,収納家具,マウンテンパーカ SNOW SHELL,0.1,28800,56250,2025-09-11,,N
P0535,インテリア,オーディオ,スマートスピーカー SNOW VOICE,0.08,68400,900,2024-03-09,,N
P0536,家電,インナー,マグカップ SNOW MUG,0.1,53800,5800,2026-07-08,,N
P0537,家電,ボトムス,羽毛布団 SNOW QUILT シングル,0.1,105200,30200,2025-07-17,,N
P0538,日用品,トップス,扇風機 SNOW BREEZE,0.1,98600,3300,2023-03-20,,N
P0539,衣料,レトルト食品,オーブントースター SNOW TOAST,0.1,4400,59950,2020-07-04,,N
P0540,キッチン,調理家電,洗濯洗剤 SNOW WASH 詰替,0.1,48300,20050,2019-11-16,,N
P0541,衣料,カーテン,トイレットペーパー SNOW ROLL 12ロール,0.1,7800,31550,2020-12-11,,N
P0542,インテリア,照明,ミネラルウォーター SNOW WATER 2L×6,0.1,23300,4650,2020-09-04,,N
P0543,日用品,調理器具,レトルトカレー SNOW CURRY 中辛,0.1,42000,57600,2026-07-22,,N
P0544,衣料,オーディオ,オーブントースター SNOW TOAST,0.1,15400,51450,2023-08-28,,N
P0545,食品,レトルト食品,オーブントースター SNOW TOAST,0.1,99100,59700,2019-10-09,,N
P0546,日用品,調理器具,炊飯器 SNOW RICE 5.5合,0.1,69400,20450,2021-12-01,,N
P0547,インテリア,調味料,カラーボックス SNOW BOX 3段,0.1,41400,58900,2021-05-14,,Y
P0548,キッチン,カーテン,セラミックヒーター SNOW WARM,0.08,52900,51050,2019-08-18,2026-07-01,N
P0549,キッチン,生活家電,マウンテンパーカ SNOW SHELL,0.1,16300,18100,2021-01-27,,N
P0550,日用品,キッチン家電,歯ブラシ SNOW BRUSH 3本組,0.1,76900,36300,2023-08-09,,N
P0551,衣料,カーテン,レトルトカレー SNOW CURRY 中辛,0.1,88000,31350,2020-12-10,,N
P0552,キッチン,トップス,LEDシーリングライト SNOW LIGHT 8畳,0.1,49900,700,2023-09-06,,N
P0553,日用品,調理器具,食器用洗剤 SNOW DISH,0.1,102900,42050,2025-08-16,,N
P0554,日用品,トップス,ラグマット SNOW RUG 3畳,0.1,11300,66700,2019-10-11,,N
P0555,衣料,ボトムス,洗濯洗剤 SNOW WASH 詰替,0.1,42900,44750,2022-04-12,,N
P0556,日用品,カーテン,ステンレスボトル SNOW BOTTLE 500ml,0.08,23000,7300,2026-02-19,,Y
P0557,インテリア,調理家電,カラーボックス SNOW BOX 3段,0.1,111900,4300,2023-05-03,,N
P0558,食品,ボトムス,歯ブラシ SNOW BRUSH 3本組,0.1,91300,49950,2023-10-12,,N
P0559,衣料,調理器具,ロボット掃除機 SNOW CLEAN R2,0.1,22400,41100,2024-01-11,,N
P0560,食品,菓子,圧力鍋 SNOW COOK 3L,0.1,101500,1950,2024-06-15,,N
P0561,食品,食器,フライパン SNOW PAN 26cm,0.08,76600,28650,2022-11-21,,N
P0562,家電,オーラルケア,オーブントースター SNOW TOAST,0.1,54800,50900,2023-09-26,,N
P0563,日用品,寝具,ドリップコーヒー SNOW ROAST 20袋,0.1,700,36300,2021-04-05,,N
P0564,家電,季節家電,トイレットペーパー SNOW ROLL 12ロール,0.08,46200,550,2023-05-11,,N
P0565,日用品,トップス,炊飯器 SNOW RICE 5.5合,0.1,100500,1600,2020-09-07,,N
P0566,食品,オーラルケア,ミックスナッツ SNOW NUTS 300g,0.1,103200,55750,2020-11-25,,N
P0567,家電,季節家電,ステンレスボトル SNOW BOTTLE 500ml,0.1,10400,44950,2022-10-16,,N
P0568,キッチン,菓子,LEDシーリングライト SNOW LIGHT 8畳,0.1,42200,7150,2025-08-26,,N
P0569,キッチン,トップス,セラミックヒーター SNOW WARM,0.1,114400,3600,2023-07-01,,Y
P0570,日用品,カーテン,歯ブラシ SNOW BRUSH 3本組,0.1,44200,53400,2024-07-10,,N
P0571,キッチン,生活家電,トイレットペーパー SNOW ROLL 12ロール,0.1,88900,29400,2022-03-10,,N
P0572,食品,オーディオ,フライパン SNOW PAN 26cm,0.1,108900,13850,2025-01-30,,Y
P0573,家電,レトルト食品,ワイヤレスヘッドホン SNOW BEATS,0.1,20400,32150,2025-04-05,,N
P0574,キッチン,菓子,オーガニックコットンTシャツ SNOW TEE,0.1,35200,44100,2021-04-08,,Y
P0575,日用品,オーラルケア,オーガニックコットンTシャツ SNOW TEE,0.1,32600,62650,2022-01-09,,Y
P0576,家電,スマートデバイス,だし醤油 SNOW SOY 500ml,0.1,56200,43650,2023-12-09,,Y
P0577,食品,収納家具,マウンテンパーカ SNOW SHELL,0.1,97900,39000,2023-01-12,,Y
P0578,家電,生活家電,ミネラルウォーター SNOW WATER 2L×6,0.1,28800,20700,2021-11-04,,N
P0579,日用品,生活家電,ステンレスボトル SNOW BOTTLE 500ml,0.08,114600,9000,2020-02-16,,N
P0580,食品,ボトムス,炊飯器 SNOW RICE 5.5合,0.08,88500,20200,2020-01-11,,N
P0581,日用品,洗剤,オーブントースター SNOW TOAST,0.1,46300,28600,2020-02-10,,N
P0582,日用品,飲料,扇風機 SNOW BREEZE,0.1,27900,43900,2023-11-21,,N
P0583,食品,トップス,オーガニックコットンTシャツ SNOW TEE,0.1,34100,53500,2024-10-02,,N
P0584,家電,キッチン家電,トイレットペーパー SNOW ROLL 12ロール,0.1,45100,33650,2022-11-22,,Y
P0585,日用品,洗剤,ボックスティッシュ SNOW TISSUE 5箱,0.1,62200,9000,2020-01-12,,N
P0586,日用品,紙製品,扇風機 SNOW BREEZE,0.1,112700,41850,2026-01-30,,N
P0587,食品,照明,ワイヤレスヘッドホン SNOW BEATS,0.1,45700,62900,2022-03-26,,Y
P0588,衣料,飲料,ステンレスボトル SNOW BOTTLE 500ml,0.1,16700,48950,2021-06-09,,N
P0589,キッチン,食器,ミックスナッツ SNOW NUTS 300g,0.1,11800,61800,2025-03-28,,N
P0590,家電,保存容器,洗濯洗剤 SNOW WASH 詰替,0.08,59600,22650,2021-01-23,,N
P0591,家電,アウター,カラーボックス SNOW BOX 3段,0.1,102500,22750,2026-01-23,,N
P0592,家電,季節家電,ラグマット SNOW RUG 3畳,0.1,71700,12800,2021-01-20,,N
P0593,家電,レトルト食品,サンダル SNOW SANDAL,0.1,5300,31050,2024-08-17,,N
P0594,衣料,調理器具,フリースジャケット SNOW FLEECE,0.1,83200,61600,2021-05-13,,N
P0595,インテリア,インナー,ヒートインナー SNOW HEAT,0.1,59200,20850,2020-04-11,,Y
P0596,食品,調味料,圧力鍋 SNOW COOK 3L,0.1,98500,17450,2025-10-08,,N
P0597,家電,オーラルケア,食器用洗剤 SNOW DISH,0.1,84500,35300,2025-04-14,,N
P0598,衣料,アウター,食器用洗剤 SNOW DISH,0.1,42400,53550,2020-09-27,,Y
P0599,家電,収納家具,羽毛布団 SNOW QUILT シングル,0.1,70100,44650,2023-12-11,,Y
P0600,日用品,保存容器,ミックスナッツ SNOW NUTS 300g,0.1,62600,39200,2022-04-14,,N
P0601,日用品,紙製品,ワイヤレスヘッドホン SNOW BEATS,0.1,46800,49600,2026-10-15,,N
P0602,家電,カーテン,LEDシーリングライト SNOW LIGHT 8畳,0.1,116300,61250,2025-09-27,,N
P0603,家電,カーテン,ステンレスボトル SNOW BOTTLE 500ml,0.08,23300,1000,2021-05-06,,N
P0604,食品,レトルト食品,レトルトカレー SNOW CURRY 中辛,0.1,80900,150,2022-08-03,,N
P0605,食品,キッチン家電,サンダル SNOW SANDAL,0.1,117900,34750,2026-06-17,,Y
P0606,インテリア,保存容器,ドリップコーヒー SNOW ROAST 20袋,0.1,4500,29250,2025-06-21,,N
P0607,日用品,キッチン家電,羽毛布団 SNOW QUILT シングル,0.1,56100,58650,2024-08-01,,N
P0608,家電,トップス,食器用洗剤 SNOW DISH,0.1,20600,5150,2019-09-25,,N
P0609,キッチン,飲料,炊飯器 SNOW RICE 5.5合,0.1,117700,39900,2024-04-30,,N
P0610,衣料,飲料,ダウンジャケット SNOW DOWN,0.1,48200,22750,2019-07-21,,N
P0611,日用品,保存容器,洗濯洗剤 SNOW WASH 詰替,0.1,60400,59350,2022-11-08,,N
P0612,日用品,紙製品,食器用洗剤 SNOW DISH,0.08,104900,51800,2019-04-27,2025-07-01,N
P0613,衣料,アウター,ダウンジャケット SNOW DOWN,0.08,54100,28100,2024-07-13,,N
P0614,インテリア,インナー,炊飯器 SNOW RICE 5.5合,0.1,114500,23200,2021-05-16,,N
P0615,家電,紙製品,マウンテンパーカ SNOW SHELL,0.1,13600,34000,2021-12-23,,Y
P0616,キッチン,レトルト食品,ミネラルウォーター SNOW WATER 2L×6,0.1,35200,6250,2021-02-11,,N
P0617,日用品,調理器具,レトルトカレー SNOW CURRY 中辛,0.1,7000,4250,2024-06-17,2026-10-01,N
P0618,食品,菓子,包丁 SNOW EDGE 三徳,0.1,8700,22250,2024-11-16,,N
P0619,衣料,収納家具,歯ブラシ SNOW BRUSH 3本組,0.1,45200,68850,2025-08-21,,N
P0620,家電,寝具,サンダル SNOW SANDAL,0.08,71400,58850,2019-07-08,,N
P0621,キッチン,保存容器,ボックスティッシュ SNOW TISSUE 5箱,0.1,8900,63600,2019-10-21,,N
P0622,日用品,生活家電,カラーボックス SNOW BOX 3段,0.1,99300,2500,2022-10-04,,N
P0623,衣料,収納家具,フライパン SNOW PAN 26cm,0.1,94800,4400,2020-02-27,,Y
P0624,インテリア,カーテン,オーブントースター SNOW TOAST,0.08,4600,5600,2025-08-27,,N
P0625,食品,カーテン,マグカップ SNOW MUG,0.1,31200,10500,2019-11-19,2026-04-01,N
P0626,衣料,調理器具,電気ケトル SNOW KETTLE 1.0L,0.1,8700,10850,2021-07-20,,N
P0627,食品,調理器具,遮光カーテン SNOW SHADE 2枚組,0.1,111700,37950,2022-06-29,,N
P0628,食品,調味料,扇風機 SNOW BREEZE,0.1,59000,38550,2025-11-26,,N
P0629,家電,収納家具,ロボット掃除機 SNOW CLEAN R2,0.08,75000,22400,2022-08-20,,N
P0630,食品,季節家電,ワイヤレスイヤホン SNOW BUDS,0.08,71100,31200,2022-09-05,,N
P0631,日用品,食器,ワイヤレスヘッドホン SNOW BEATS,0.1,70400,68600,2026-05-22,,N
P0632,家電,カーテン,ヒートインナー SNOW HEAT,0.1,5100,13300,2024-06-01,,Y
P0633,インテリア,飲料,トイレットペーパー SNOW ROLL 12ロール,0.1,101800,26900,2026-04-24,,N
P0634,衣料,キッチン家電,サーキュレーター SNOW AIR,0.1,85000,58200,2021-02-01,,Y
P0635,インテリア,スマートデバイス,電気ケトル SNOW KETTLE 1.0L,0.1,39700,40850,2019-04-25,,N
P0636,家電,調味料,包丁 SNOW EDGE 三徳,0.1,53800,29250,2023-09-24,,N
P0637,衣料,照明,ロボット掃除機 SNOW CLEAN R2,0.1,56000,56700,2022-11-07,,N
P0638,日用品,収納家具,ハンドソープ SNOW SOAP,0.08,47600,17700,2021-02-09,,N
P0639,衣料,寝具,カラーボックス SNOW BOX 3段,0.1,53500,1900,2025-12-13,,N
P0640,衣料,レトルト食品,食器用洗剤 SNOW DISH,0.1,21300,6700,2024-02-12,,N
P0641,衣料,紙製品,マウンテンパーカ SNOW SHELL,0.1,17400,63850,2026-02-19,,N
P0642,キッチン,収納家具,食器用洗剤 SNOW DISH,0.1,28200,28300,2022-09-26,,N
P0643,衣料,スマートデバイス,オーブントースター SNOW TOAST,0.08,115900,6350,2021-12-28,,Y
P0644,家電,ボトムス,ラグマット SNOW RUG 3畳,0.1,76100,5200,2020-07-13,2025-01-01,N
P0645,食品,調味料,マウンテンパーカ SNOW SHELL,0.1,98300,6500,2020-09-28,,N
P0646,家電,保存容器,サーキュレーター SNOW AIR,0.1,46700,11200,2026-06-04,2025-04-01,N
P0647,衣料,寝具,ミックスナッツ SNOW NUTS 300g,0.08,45700,28200,2022-02-06,,N
P0648,衣料,照明,洗濯洗剤 SNOW WASH 詰替,0.08,106700,60550,2026-04-13,,N
P0649,家電,季節家電,レトルトカレー SNOW CURRY 中辛,0.1,29400,61500,2025-11-22,,N
P0650,衣料,調理家電,保存容器セット SNOW KEEP,0.08,26200,3900,2026-08-13,,N
P0651,日用品,トップス,遮光カーテン SNOW SHADE 2枚組,0.1,28100,17200,2026-06-17,,N
P0652,衣料,調理家電,ハンドソープ SNOW SOAP,0.1,58900,69050,2024-07-01,,Y
P0653,食品,インナー,ミックスナッツ SNOW NUTS 300g,0.1,93100,32600,2022-03-09,2026-07-01,N
P0654,家電,季節家電,包丁 SNOW EDGE 三徳,0.1,4700,48400,2021-03-31,,N
P0655,家電,季節家電,オーブントースター SNOW TOAST,0.1,21200,39750,2026-06-03,2026-01-01,N
P0656,家電,レトルト食品,ステンレスボトル SNOW BOTTLE 500ml,0.1,47700,17050,2019-10-23,,N
P0657,日用品,カーテン,マグカップ SNOW MUG,0.1,26300,63600,2024-11-18,,N
P0658,家電,オーラルケア,ヒートインナー SNOW HEAT,0.1,103000,29950,2023-06-21,,N
P0659,キッチン,トップス,LEDシーリングライト SNOW LIGHT 8畳,0.1,91100,62300,2020-02-03,,N
P0660,食品,キッチン家電,フライパン SNOW PAN 26cm,0.08,97200,58050,2025-01-19,,N
P0661,衣料,洗剤,フライパン SNOW PAN 26cm,0.1,93000,23450,2022-04-16,,N
P0662,日用品,食器,スマートスピーカー SNOW VOICE,0.1,24700,6850,2025-07-31,2025-10-01,N
P0663,家電,飲料,マウンテンパーカ SNOW SHELL,0.1,97000,6150,2023-10-11,,Y
P0664,キッチン,保存容器,炊飯器 SNOW RICE 5.5合,0.08,86800,56000,2025-04-23,,N
P0665,家電,オーラルケア,遮光カーテン SNOW SHADE 2枚組,0.1,91700,69000,2026-11-17,,N
P0666,食品,レトルト食品,だし醤油 SNOW SOY 500ml,0.1,26600,60100,2022-06-03,,Y
P0667,衣料,ボトムス,ロボット掃除機 SNOW CLEAN R2,0.1,40700,44050,2025-08-25,,N
P0668,衣料,照明,ドリップコーヒー SNOW ROAST 20袋,0.1,32100,69200,2026-05-10,,N
P0669,日用品,レトルト食品,炊飯器 SNOW RICE 5.5合,0.1,106300,53400,2019-07-21,,N
P0670,日用品,収納家具,ボックスティッシュ SNOW TISSUE 5箱,0.1,68100,5550,2022-01-28,,Y
P0671,食品,インナー,オーガニックコットンTシャツ SNOW TEE,0.1,99000,37450,2021-04-26,,N
P0672,衣料,生活家電,歯ブラシ SNOW BRUSH 3本組,0.1,45900,15150,2022-08-15,,N
P0673,インテリア,トップス,ワイヤレスヘッドホン SNOW BEATS,0.08,78100,2300,2026-11-08,,N
P0674,家電,調理器具,ミネラルウォーター SNOW WATER 2L×6,0.1,89400,54250,2024-04-10,,Y
P0675,インテリア,調理器具,オーガニックコットンTシャツ SNOW TEE,0.1,35400,14100,2024-06-09,,N
P0676,家電,インナー,ステンレスボトル SNOW BOTTLE 500ml,0.1,68700,35200,2020-04-12,,N
P0677,衣料,菓子,マグカップ SNOW MUG,0.1,93100,42750,2019-04-13,,N
P0678,家電,生活家電,ドリップコーヒー SNOW ROAST 20袋,0.1,7000,57900,2020-07-03,,N
P0679,食品,オーディオ,炊飯器 SNOW RICE 5.5合,0.1,92100,41000,2025-05-05,,Y
P0680,日用品,トップス,保存容器セット SNOW KEEP,0.1,70000,2850,2020-10-14,,N
P0681,食品,スマートデバイス,トイレットペーパー SNOW ROLL 12ロール,0.08,97000,11100,2021-01-29,2025-04-01,N
P0682,食品,季節家電,ワイヤレスイヤホン SNOW BUDS,0.1,28200,54500,2021-07-10,,N
P0683,日用品,調味料,洗濯洗剤 SNOW WASH 詰替,0.1,62400,7150,2021-04-18,,N
P0684,家電,レトルト食品,マグカップ SNOW MUG,0.1,88600,43500,2025-04-05,,N
P0685,インテリア,スマートデバイス,テーパードパンツ SNOW SLIM,0.1,16400,67150,2024-11-11,,N
P0686,日用品,キッチン家電,ロボット掃除機 SNOW CLEAN R2,0.08,16600,10650,2025-02-21,,N
P0687,インテリア,保存容器,ミックスナッツ SNOW NUTS 300g,0.1,95400,36900,2024-03-06,,N
P0688,食品,照明,だし醤油 SNOW SOY 500ml,0.1,103600,46900,2022-12-31,,N
P0689,インテリア,洗剤,LEDシーリングライト SNOW LIGHT 8畳,0.1,9700,700,2021-04-05,,Y
P0690,家電,紙製品,フリースジャケット SNOW FLEECE,0.1,62400,68950,2022-06-09,,N
P0691,キッチン,調理器具,だし醤油 SNOW SOY 500ml,0.08,73500,25050,2025-08-14,,Y
P0692,家電,トップス,洗濯洗剤 SNOW WASH 詰替,0.1,72000,56300,2026-08-06,2026-04-01,N
P0693,食品,生活家電,包丁 SNOW EDGE 三徳,0.1,78300,50800,2023-05-23,,N
P0694,インテリア,紙製品,フライパン SNOW PAN 26cm,0.1,58300,19650,2021-02-27,,N
P0695,食品,ボトムス,圧力鍋 SNOW COOK 3L,0.1,76900,14600,2021-10-03,,N
P0696,衣料,調理器具,洗濯洗剤 SNOW WASH 詰替,0.1,106300,66650,2021-07-13,,N
P0697,衣料,季節家電,電気ケトル SNOW KETTLE 1.0L,0.1,38500,34050,2024-06-03,,N
P0698,日用品,オーラルケア,ダウンジャケット SNOW DOWN,0.1,48700,51650,2020-01-14,,N
P0699,日用品,洗剤,洗濯洗剤 SNOW WASH 詰替,0.1,45300,41700,2023-07-19,,N
P0700,家電,収納家具,サンダル SNOW SANDAL,0.1,15700,45650,2022-03-10,,N
