store_id,region,prefecture,city,store_name,store_type,floor_area_sqm,open_date,close_date
S001,関東,京都府,袖ケ浦市,スノー商事 袖ケ浦市店,駅ビル,2300,2007-10-27,
S002,九州,神奈川県,目黒区,スノー商事 目黒区店,路面店,1500,2005-07-15,
S003,関東,神奈川県,目黒区,スノー商事 目黒区店,路面店,1000,2018-04-05,
S004,九州,東京都,香取郡東庄町,スノー商事 香取郡東庄町店,路面店,850,2016-09-18,
S005,関西,京都府,川崎市川崎区,スノー商事 川崎市川崎区店,路面店,2350,2007-11-01,
S006,東北,福岡県,いすみ市,スノー商事 いすみ市店,路面店,600,2004-08-05,
S007,九州,大阪府,国分寺市,スノー商事 国分寺市店,ショッピングセンター,1400,2019-08-19,
S008,関東,宮城県,横浜市緑区,スノー商事 横浜市緑区店,路面店,450,2009-04-03,
S009,関西,福岡県,品川区,スノー商事 品川区店,路面店,550,2006-05-01,
S010,関東,愛知県,武蔵野市,スノー商事 武蔵野市店,ショッピングセンター,1250,2022-04-20,
S011,東北,神奈川県,横浜市保土ケ谷区,スノー商事 横浜市保土ケ谷区店,ショッピングセンター,800,1999-03-18,
S012,九州,兵庫県,渋谷区,スノー商事 渋谷区店,駅ビル,2650,1999-04-09,
S013,九州,京都府,川崎市中原区,スノー商事 川崎市中原区店,路面店,500,2015-06-18,
S014,関西,福岡県,印旛郡印旛村,スノー商事 印旛郡印旛村店,ショッピングセンター,1250,2007-10-11,
S015,関東,東京都,東大和市,スノー商事 東大和市店,路面店,2800,1998-07-13,
S016,関西,宮城県,大島町,スノー商事 大島町店,駅ビル,1800,2009-01-15,
S017,東北,東京都,豊島区,スノー商事 豊島区店,ショッピングセンター,1550,2009-09-01,
S018,関西,青森県,長生郡睦沢町,スノー商事 長生郡睦沢町店,駅ビル,2500,2012-08-21,
S019,東北,埼玉県,世田谷区,スノー商事 世田谷区店,駅ビル,2950,2019-06-24,
S020,関西,埼玉県,羽村市,スノー商事 羽村市店,駅ビル,600,2012-11-07,
S021,関西,岩手県,香取市,スノー商事 香取市店,ショッピングセンター,1750,2013-03-04,
S022,関東,鹿児島県,香取郡東庄町,スノー商事 香取郡東庄町店,ショッピングセンター,2900,2022-01-03,
S023,中部,大阪府,武蔵野市,スノー商事 武蔵野市店,路面店,900,2017-04-08,
S024,九州,兵庫県,足立区,スノー商事 足立区店,ショッピングセンター,500,2001-01-29,
S025,東北,愛知県,横浜市神奈川区,スノー商事 横浜市神奈川区店,駅ビル,550,2004-07-08,
S026,九州,東京都,文京区,スノー商事 文京区店,ショッピングセンター,2700,2021-01-24,
S027,中部,福岡県,調布市,スノー商事 調布市店,駅ビル,1500,2002-01-21,
S028,東北,茨城県,八街市,スノー商事 八街市店,ショッピングセンター,750,2000-12-06,
S029,中部,東京都,東村山市,スノー商事 東村山市店,駅ビル,2100,2009-02-07,
S030,中部,京都府,昭島市,スノー商事 昭島市店,駅ビル,1900,2013-06-20,
S031,関東,東京都,荒川区,スノー商事 荒川区店,駅ビル,2650,2007-07-21,
S032,関東,愛知県,東大和市,スノー商事 東大和市店,路面店,1750,2025-05-09,
S033,関東,宮城県,西多摩郡奥多摩町,スノー商事 西多摩郡奥多摩町店,路面店,1900,2002-05-07,
S034,東北,東京都,横浜市港南区,スノー商事 横浜市港南区店,路面店,2550,2014-03-02,
S035,東北,宮城県,大田区,スノー商事 大田区店,路面店,450,2010-01-24,
S036,中部,神奈川県,山武郡九十九里町,スノー商事 山武郡九十九里町店,ショッピングセンター,2900,2001-12-12,
S037,中部,大阪府,山武郡九十九里町,スノー商事 山武郡九十九里町店,ショッピングセンター,2200,2005-01-15,
S038,関西,福島県,四街道市,スノー商事 四街道市店,路面店,2300,2006-12-10,
S039,東北,神奈川県,長生郡長生村,スノー商事 長生郡長生村店,ショッピングセンター,1250,2015-06-17,
S040,関東,愛知県,葛飾区,スノー商事 葛飾区店,路面店,1350,2005-03-11,
S041,九州,東京都,横浜市青葉区,スノー商事 横浜市青葉区店,路面店,1300,2008-08-28,
S042,関東,宮城県,長生郡長南町,スノー商事 長生郡長南町店,ショッピングセンター,2100,2015-10-10,
S043,東北,静岡県,小金井市,スノー商事 小金井市店,駅ビル,2550,2008-10-28,
S044,中部,長野県,台東区,スノー商事 台東区店,路面店,2700,2005-01-19,
S045,関東,茨城県,千代田区,スノー商事 千代田区店,ショッピングセンター,2300,2015-05-26,
S046,関西,神奈川県,日野市,スノー商事 日野市店,駅ビル,2350,2021-11-02,
S047,関東,京都府,北区,スノー商事 北区店,ショッピングセンター,1600,2020-05-14,
S048,中部,神奈川県,川崎市幸区,スノー商事 川崎市幸区店,駅ビル,1800,2023-01-31,
S049,東北,愛知県,墨田区,スノー商事 墨田区店,路面店,1600,2008-01-08,
S050,中部,東京都,横浜市神奈川区,スノー商事 横浜市神奈川区店,ショッピングセンター,1400,2001-03-19,
